Time,Time Code,Country Name,Country Code,Exports of goods and services (annual % growth) [NE.EXP.GNFS.KD.ZG]
1960,YR1960,Andorra,AND,..
1960,YR1960,Austria,AUT,..
1960,YR1960,Belgium,BEL,..
1960,YR1960,Bermuda,BMU,..
1960,YR1960,Canada,CAN,..
1960,YR1960,Channel Islands,CHI,..
1960,YR1960,Croatia,HRV,..
1960,YR1960,Cyprus,CYP,..
1960,YR1960,Czech Republic,CZE,..
1960,YR1960,Denmark,DNK,..
1960,YR1960,Estonia,EST,..
1960,YR1960,Faroe Islands,FRO,..
1960,YR1960,Finland,FIN,..
1960,YR1960,France,FRA,..
1960,YR1960,Germany,DEU,..
1960,YR1960,Gibraltar,GIB,..
1960,YR1960,Greece,GRC,..
1960,YR1960,Greenland,GRL,..
1960,YR1960,Hungary,HUN,..
1960,YR1960,Iceland,ISL,..
1960,YR1960,Ireland,IRL,..
1960,YR1960,Isle of Man,IMN,..
1960,YR1960,Italy,ITA,..
1960,YR1960,Latvia,LVA,..
1960,YR1960,Liechtenstein,LIE,..
1960,YR1960,Lithuania,LTU,..
1960,YR1960,Luxembourg,LUX,..
1960,YR1960,Monaco,MCO,..
1960,YR1960,Netherlands,NLD,..
1960,YR1960,Norway,NOR,..
1960,YR1960,Poland,POL,..
1960,YR1960,Portugal,PRT,..
1960,YR1960,Romania,ROU,..
1960,YR1960,San Marino,SMR,..
1960,YR1960,Slovak Republic,SVK,..
1960,YR1960,Slovenia,SVN,..
1960,YR1960,Spain,ESP,..
1960,YR1960,Sweden,SWE,..
1960,YR1960,Switzerland,CHE,..
1960,YR1960,United Kingdom,GBR,..
1960,YR1960,United States,USA,..
1961,YR1961,Andorra,AND,..
1961,YR1961,Austria,AUT,..
1961,YR1961,Belgium,BEL,..
1961,YR1961,Bermuda,BMU,..
1961,YR1961,Canada,CAN,..
1961,YR1961,Channel Islands,CHI,..
1961,YR1961,Croatia,HRV,..
1961,YR1961,Cyprus,CYP,..
1961,YR1961,Czech Republic,CZE,..
1961,YR1961,Denmark,DNK,..
1961,YR1961,Estonia,EST,..
1961,YR1961,Faroe Islands,FRO,..
1961,YR1961,Finland,FIN,..
1961,YR1961,France,FRA,5.31367407135687
1961,YR1961,Germany,DEU,..
1961,YR1961,Gibraltar,GIB,..
1961,YR1961,Greece,GRC,9.90141413327588
1961,YR1961,Greenland,GRL,..
1961,YR1961,Hungary,HUN,..
1961,YR1961,Iceland,ISL,..
1961,YR1961,Ireland,IRL,..
1961,YR1961,Isle of Man,IMN,..
1961,YR1961,Italy,ITA,..
1961,YR1961,Latvia,LVA,..
1961,YR1961,Liechtenstein,LIE,..
1961,YR1961,Lithuania,LTU,..
1961,YR1961,Luxembourg,LUX,..
1961,YR1961,Monaco,MCO,..
1961,YR1961,Netherlands,NLD,..
1961,YR1961,Norway,NOR,..
1961,YR1961,Poland,POL,..
1961,YR1961,Portugal,PRT,..
1961,YR1961,Romania,ROU,..
1961,YR1961,San Marino,SMR,..
1961,YR1961,Slovak Republic,SVK,..
1961,YR1961,Slovenia,SVN,..
1961,YR1961,Spain,ESP,..
1961,YR1961,Sweden,SWE,5.20048000210866
1961,YR1961,Switzerland,CHE,..
1961,YR1961,United Kingdom,GBR,..
1961,YR1961,United States,USA,..
1962,YR1962,Andorra,AND,..
1962,YR1962,Austria,AUT,..
1962,YR1962,Belgium,BEL,..
1962,YR1962,Bermuda,BMU,..
1962,YR1962,Canada,CAN,4.63532504994643
1962,YR1962,Channel Islands,CHI,..
1962,YR1962,Croatia,HRV,..
1962,YR1962,Cyprus,CYP,..
1962,YR1962,Czech Republic,CZE,..
1962,YR1962,Denmark,DNK,..
1962,YR1962,Estonia,EST,..
1962,YR1962,Faroe Islands,FRO,..
1962,YR1962,Finland,FIN,..
1962,YR1962,France,FRA,1.16620694878762
1962,YR1962,Germany,DEU,..
1962,YR1962,Gibraltar,GIB,..
1962,YR1962,Greece,GRC,-4.5636096170243
1962,YR1962,Greenland,GRL,..
1962,YR1962,Hungary,HUN,..
1962,YR1962,Iceland,ISL,..
1962,YR1962,Ireland,IRL,..
1962,YR1962,Isle of Man,IMN,..
1962,YR1962,Italy,ITA,..
1962,YR1962,Latvia,LVA,..
1962,YR1962,Liechtenstein,LIE,..
1962,YR1962,Lithuania,LTU,..
1962,YR1962,Luxembourg,LUX,..
1962,YR1962,Monaco,MCO,..
1962,YR1962,Netherlands,NLD,..
1962,YR1962,Norway,NOR,..
1962,YR1962,Poland,POL,..
1962,YR1962,Portugal,PRT,..
1962,YR1962,Romania,ROU,..
1962,YR1962,San Marino,SMR,..
1962,YR1962,Slovak Republic,SVK,..
1962,YR1962,Slovenia,SVN,..
1962,YR1962,Spain,ESP,..
1962,YR1962,Sweden,SWE,8.09996520191415
1962,YR1962,Switzerland,CHE,..
1962,YR1962,United Kingdom,GBR,..
1962,YR1962,United States,USA,..
1963,YR1963,Andorra,AND,..
1963,YR1963,Austria,AUT,..
1963,YR1963,Belgium,BEL,..
1963,YR1963,Bermuda,BMU,..
1963,YR1963,Canada,CAN,8.80747435733767
1963,YR1963,Channel Islands,CHI,..
1963,YR1963,Croatia,HRV,..
1963,YR1963,Cyprus,CYP,..
1963,YR1963,Czech Republic,CZE,..
1963,YR1963,Denmark,DNK,..
1963,YR1963,Estonia,EST,..
1963,YR1963,Faroe Islands,FRO,..
1963,YR1963,Finland,FIN,..
1963,YR1963,France,FRA,8.38939094107749
1963,YR1963,Germany,DEU,..
1963,YR1963,Gibraltar,GIB,..
1963,YR1963,Greece,GRC,15.5264122465482
1963,YR1963,Greenland,GRL,..
1963,YR1963,Hungary,HUN,..
1963,YR1963,Iceland,ISL,..
1963,YR1963,Ireland,IRL,..
1963,YR1963,Isle of Man,IMN,..
1963,YR1963,Italy,ITA,..
1963,YR1963,Latvia,LVA,..
1963,YR1963,Liechtenstein,LIE,..
1963,YR1963,Lithuania,LTU,..
1963,YR1963,Luxembourg,LUX,..
1963,YR1963,Monaco,MCO,..
1963,YR1963,Netherlands,NLD,..
1963,YR1963,Norway,NOR,..
1963,YR1963,Poland,POL,..
1963,YR1963,Portugal,PRT,..
1963,YR1963,Romania,ROU,..
1963,YR1963,San Marino,SMR,..
1963,YR1963,Slovak Republic,SVK,..
1963,YR1963,Slovenia,SVN,..
1963,YR1963,Spain,ESP,..
1963,YR1963,Sweden,SWE,7.29970513686344
1963,YR1963,Switzerland,CHE,..
1963,YR1963,United Kingdom,GBR,..
1963,YR1963,United States,USA,..
1964,YR1964,Andorra,AND,..
1964,YR1964,Austria,AUT,..
1964,YR1964,Belgium,BEL,..
1964,YR1964,Bermuda,BMU,..
1964,YR1964,Canada,CAN,13.5803184136967
1964,YR1964,Channel Islands,CHI,..
1964,YR1964,Croatia,HRV,..
1964,YR1964,Cyprus,CYP,..
1964,YR1964,Czech Republic,CZE,..
1964,YR1964,Denmark,DNK,..
1964,YR1964,Estonia,EST,..
1964,YR1964,Faroe Islands,FRO,..
1964,YR1964,Finland,FIN,..
1964,YR1964,France,FRA,8.28685494036709
1964,YR1964,Germany,DEU,..
1964,YR1964,Gibraltar,GIB,..
1964,YR1964,Greece,GRC,-6.40438474319986
1964,YR1964,Greenland,GRL,..
1964,YR1964,Hungary,HUN,..
1964,YR1964,Iceland,ISL,..
1964,YR1964,Ireland,IRL,..
1964,YR1964,Isle of Man,IMN,..
1964,YR1964,Italy,ITA,..
1964,YR1964,Latvia,LVA,..
1964,YR1964,Liechtenstein,LIE,..
1964,YR1964,Lithuania,LTU,..
1964,YR1964,Luxembourg,LUX,..
1964,YR1964,Monaco,MCO,..
1964,YR1964,Netherlands,NLD,..
1964,YR1964,Norway,NOR,..
1964,YR1964,Poland,POL,..
1964,YR1964,Portugal,PRT,..
1964,YR1964,Romania,ROU,..
1964,YR1964,San Marino,SMR,..
1964,YR1964,Slovak Republic,SVK,..
1964,YR1964,Slovenia,SVN,..
1964,YR1964,Spain,ESP,..
1964,YR1964,Sweden,SWE,11.9996396725266
1964,YR1964,Switzerland,CHE,..
1964,YR1964,United Kingdom,GBR,..
1964,YR1964,United States,USA,..
1965,YR1965,Andorra,AND,..
1965,YR1965,Austria,AUT,..
1965,YR1965,Belgium,BEL,..
1965,YR1965,Bermuda,BMU,..
1965,YR1965,Canada,CAN,4.50367794189034
1965,YR1965,Channel Islands,CHI,..
1965,YR1965,Croatia,HRV,..
1965,YR1965,Cyprus,CYP,..
1965,YR1965,Czech Republic,CZE,..
1965,YR1965,Denmark,DNK,..
1965,YR1965,Estonia,EST,..
1965,YR1965,Faroe Islands,FRO,..
1965,YR1965,Finland,FIN,..
1965,YR1965,France,FRA,10.8061704946337
1965,YR1965,Germany,DEU,..
1965,YR1965,Gibraltar,GIB,..
1965,YR1965,Greece,GRC,16.1585863920189
1965,YR1965,Greenland,GRL,..
1965,YR1965,Hungary,HUN,..
1965,YR1965,Iceland,ISL,..
1965,YR1965,Ireland,IRL,..
1965,YR1965,Isle of Man,IMN,..
1965,YR1965,Italy,ITA,..
1965,YR1965,Latvia,LVA,..
1965,YR1965,Liechtenstein,LIE,..
1965,YR1965,Lithuania,LTU,..
1965,YR1965,Luxembourg,LUX,..
1965,YR1965,Monaco,MCO,..
1965,YR1965,Netherlands,NLD,..
1965,YR1965,Norway,NOR,..
1965,YR1965,Poland,POL,..
1965,YR1965,Portugal,PRT,..
1965,YR1965,Romania,ROU,..
1965,YR1965,San Marino,SMR,..
1965,YR1965,Slovak Republic,SVK,..
1965,YR1965,Slovenia,SVN,..
1965,YR1965,Spain,ESP,..
1965,YR1965,Sweden,SWE,5.60031636530289
1965,YR1965,Switzerland,CHE,..
1965,YR1965,United Kingdom,GBR,..
1965,YR1965,United States,USA,..
1966,YR1966,Andorra,AND,..
1966,YR1966,Austria,AUT,..
1966,YR1966,Belgium,BEL,..
1966,YR1966,Bermuda,BMU,..
1966,YR1966,Canada,CAN,13.130344273113
1966,YR1966,Channel Islands,CHI,..
1966,YR1966,Croatia,HRV,..
1966,YR1966,Cyprus,CYP,..
1966,YR1966,Czech Republic,CZE,..
1966,YR1966,Denmark,DNK,..
1966,YR1966,Estonia,EST,..
1966,YR1966,Faroe Islands,FRO,..
1966,YR1966,Finland,FIN,..
1966,YR1966,France,FRA,6.91320903501416
1966,YR1966,Germany,DEU,..
1966,YR1966,Gibraltar,GIB,..
1966,YR1966,Greece,GRC,31.1196738613472
1966,YR1966,Greenland,GRL,..
1966,YR1966,Hungary,HUN,..
1966,YR1966,Iceland,ISL,..
1966,YR1966,Ireland,IRL,..
1966,YR1966,Isle of Man,IMN,..
1966,YR1966,Italy,ITA,..
1966,YR1966,Latvia,LVA,..
1966,YR1966,Liechtenstein,LIE,..
1966,YR1966,Lithuania,LTU,..
1966,YR1966,Luxembourg,LUX,..
1966,YR1966,Monaco,MCO,..
1966,YR1966,Netherlands,NLD,..
1966,YR1966,Norway,NOR,..
1966,YR1966,Poland,POL,..
1966,YR1966,Portugal,PRT,..
1966,YR1966,Romania,ROU,..
1966,YR1966,San Marino,SMR,..
1966,YR1966,Slovak Republic,SVK,..
1966,YR1966,Slovenia,SVN,..
1966,YR1966,Spain,ESP,..
1966,YR1966,Sweden,SWE,4.9002494699337
1966,YR1966,Switzerland,CHE,..
1966,YR1966,United Kingdom,GBR,..
1966,YR1966,United States,USA,..
1967,YR1967,Andorra,AND,..
1967,YR1967,Austria,AUT,..
1967,YR1967,Belgium,BEL,..
1967,YR1967,Bermuda,BMU,..
1967,YR1967,Canada,CAN,10.7327097038379
1967,YR1967,Channel Islands,CHI,..
1967,YR1967,Croatia,HRV,..
1967,YR1967,Cyprus,CYP,..
1967,YR1967,Czech Republic,CZE,..
1967,YR1967,Denmark,DNK,3.71219714822458
1967,YR1967,Estonia,EST,..
1967,YR1967,Faroe Islands,FRO,..
1967,YR1967,Finland,FIN,..
1967,YR1967,France,FRA,7.47213405178837
1967,YR1967,Germany,DEU,..
1967,YR1967,Gibraltar,GIB,..
1967,YR1967,Greece,GRC,3.01742290046438
1967,YR1967,Greenland,GRL,..
1967,YR1967,Hungary,HUN,..
1967,YR1967,Iceland,ISL,..
1967,YR1967,Ireland,IRL,..
1967,YR1967,Isle of Man,IMN,..
1967,YR1967,Italy,ITA,..
1967,YR1967,Latvia,LVA,..
1967,YR1967,Liechtenstein,LIE,..
1967,YR1967,Lithuania,LTU,..
1967,YR1967,Luxembourg,LUX,..
1967,YR1967,Monaco,MCO,..
1967,YR1967,Netherlands,NLD,..
1967,YR1967,Norway,NOR,..
1967,YR1967,Poland,POL,..
1967,YR1967,Portugal,PRT,..
1967,YR1967,Romania,ROU,..
1967,YR1967,San Marino,SMR,..
1967,YR1967,Slovak Republic,SVK,..
1967,YR1967,Slovenia,SVN,..
1967,YR1967,Spain,ESP,..
1967,YR1967,Sweden,SWE,5.49971864076933
1967,YR1967,Switzerland,CHE,..
1967,YR1967,United Kingdom,GBR,..
1967,YR1967,United States,USA,..
1968,YR1968,Andorra,AND,..
1968,YR1968,Austria,AUT,..
1968,YR1968,Belgium,BEL,..
1968,YR1968,Bermuda,BMU,..
1968,YR1968,Canada,CAN,12.2943162347159
1968,YR1968,Channel Islands,CHI,..
1968,YR1968,Croatia,HRV,..
1968,YR1968,Cyprus,CYP,..
1968,YR1968,Czech Republic,CZE,..
1968,YR1968,Denmark,DNK,9.801492273828
1968,YR1968,Estonia,EST,..
1968,YR1968,Faroe Islands,FRO,..
1968,YR1968,Finland,FIN,..
1968,YR1968,France,FRA,10.4745471924723
1968,YR1968,Germany,DEU,..
1968,YR1968,Gibraltar,GIB,..
1968,YR1968,Greece,GRC,-1.85741856038102
1968,YR1968,Greenland,GRL,..
1968,YR1968,Hungary,HUN,..
1968,YR1968,Iceland,ISL,..
1968,YR1968,Ireland,IRL,..
1968,YR1968,Isle of Man,IMN,..
1968,YR1968,Italy,ITA,..
1968,YR1968,Latvia,LVA,..
1968,YR1968,Liechtenstein,LIE,..
1968,YR1968,Lithuania,LTU,..
1968,YR1968,Luxembourg,LUX,..
1968,YR1968,Monaco,MCO,..
1968,YR1968,Netherlands,NLD,..
1968,YR1968,Norway,NOR,..
1968,YR1968,Poland,POL,..
1968,YR1968,Portugal,PRT,..
1968,YR1968,Romania,ROU,..
1968,YR1968,San Marino,SMR,..
1968,YR1968,Slovak Republic,SVK,..
1968,YR1968,Slovenia,SVN,..
1968,YR1968,Spain,ESP,..
1968,YR1968,Sweden,SWE,7.60014225081215
1968,YR1968,Switzerland,CHE,..
1968,YR1968,United Kingdom,GBR,..
1968,YR1968,United States,USA,..
1969,YR1969,Andorra,AND,..
1969,YR1969,Austria,AUT,..
1969,YR1969,Belgium,BEL,..
1969,YR1969,Bermuda,BMU,..
1969,YR1969,Canada,CAN,7.98876737796306
1969,YR1969,Channel Islands,CHI,..
1969,YR1969,Croatia,HRV,..
1969,YR1969,Cyprus,CYP,..
1969,YR1969,Czech Republic,CZE,..
1969,YR1969,Denmark,DNK,5.9950020329558
1969,YR1969,Estonia,EST,..
1969,YR1969,Faroe Islands,FRO,..
1969,YR1969,Finland,FIN,..
1969,YR1969,France,FRA,15.4822381745014
1969,YR1969,Germany,DEU,..
1969,YR1969,Gibraltar,GIB,..
1969,YR1969,Greece,GRC,9.63136754594314
1969,YR1969,Greenland,GRL,..
1969,YR1969,Hungary,HUN,..
1969,YR1969,Iceland,ISL,..
1969,YR1969,Ireland,IRL,..
1969,YR1969,Isle of Man,IMN,..
1969,YR1969,Italy,ITA,..
1969,YR1969,Latvia,LVA,..
1969,YR1969,Liechtenstein,LIE,..
1969,YR1969,Lithuania,LTU,..
1969,YR1969,Luxembourg,LUX,..
1969,YR1969,Monaco,MCO,..
1969,YR1969,Netherlands,NLD,..
1969,YR1969,Norway,NOR,..
1969,YR1969,Poland,POL,..
1969,YR1969,Portugal,PRT,..
1969,YR1969,Romania,ROU,..
1969,YR1969,San Marino,SMR,..
1969,YR1969,Slovak Republic,SVK,..
1969,YR1969,Slovenia,SVN,..
1969,YR1969,Spain,ESP,..
1969,YR1969,Sweden,SWE,11.4998160714475
1969,YR1969,Switzerland,CHE,..
1969,YR1969,United Kingdom,GBR,..
1969,YR1969,United States,USA,..
1970,YR1970,Andorra,AND,..
1970,YR1970,Austria,AUT,..
1970,YR1970,Belgium,BEL,..
1970,YR1970,Bermuda,BMU,..
1970,YR1970,Canada,CAN,9.17311466727611
1970,YR1970,Channel Islands,CHI,..
1970,YR1970,Croatia,HRV,..
1970,YR1970,Cyprus,CYP,..
1970,YR1970,Czech Republic,CZE,..
1970,YR1970,Denmark,DNK,3.82226888821229
1970,YR1970,Estonia,EST,..
1970,YR1970,Faroe Islands,FRO,..
1970,YR1970,Finland,FIN,..
1970,YR1970,France,FRA,16.1174497977482
1970,YR1970,Germany,DEU,..
1970,YR1970,Gibraltar,GIB,..
1970,YR1970,Greece,GRC,14.552690293872
1970,YR1970,Greenland,GRL,..
1970,YR1970,Hungary,HUN,..
1970,YR1970,Iceland,ISL,..
1970,YR1970,Ireland,IRL,..
1970,YR1970,Isle of Man,IMN,..
1970,YR1970,Italy,ITA,..
1970,YR1970,Latvia,LVA,..
1970,YR1970,Liechtenstein,LIE,..
1970,YR1970,Lithuania,LTU,..
1970,YR1970,Luxembourg,LUX,..
1970,YR1970,Monaco,MCO,..
1970,YR1970,Netherlands,NLD,11.3904121866942
1970,YR1970,Norway,NOR,..
1970,YR1970,Poland,POL,..
1970,YR1970,Portugal,PRT,..
1970,YR1970,Romania,ROU,..
1970,YR1970,San Marino,SMR,..
1970,YR1970,Slovak Republic,SVK,..
1970,YR1970,Slovenia,SVN,..
1970,YR1970,Spain,ESP,..
1970,YR1970,Sweden,SWE,8.83372700550858
1970,YR1970,Switzerland,CHE,..
1970,YR1970,United Kingdom,GBR,..
1970,YR1970,United States,USA,..
1971,YR1971,Andorra,AND,..
1971,YR1971,Austria,AUT,6.40808405492
1971,YR1971,Belgium,BEL,4.50487074870469
1971,YR1971,Bermuda,BMU,..
1971,YR1971,Canada,CAN,4.86673984047718
1971,YR1971,Channel Islands,CHI,..
1971,YR1971,Croatia,HRV,..
1971,YR1971,Cyprus,CYP,..
1971,YR1971,Czech Republic,CZE,..
1971,YR1971,Denmark,DNK,6.33082380585681
1971,YR1971,Estonia,EST,..
1971,YR1971,Faroe Islands,FRO,..
1971,YR1971,Finland,FIN,-1.1555076155596
1971,YR1971,France,FRA,9.65690833701387
1971,YR1971,Germany,DEU,2.35401604004397
1971,YR1971,Gibraltar,GIB,..
1971,YR1971,Greece,GRC,18.4175806697801
1971,YR1971,Greenland,GRL,..
1971,YR1971,Hungary,HUN,..
1971,YR1971,Iceland,ISL,-8.23174818490732
1971,YR1971,Ireland,IRL,4.09856569671392
1971,YR1971,Isle of Man,IMN,..
1971,YR1971,Italy,ITA,7.44222842058082
1971,YR1971,Latvia,LVA,..
1971,YR1971,Liechtenstein,LIE,..
1971,YR1971,Lithuania,LTU,..
1971,YR1971,Luxembourg,LUX,3.87141525145238
1971,YR1971,Monaco,MCO,..
1971,YR1971,Netherlands,NLD,10.6479856964375
1971,YR1971,Norway,NOR,1.55791150266289
1971,YR1971,Poland,POL,..
1971,YR1971,Portugal,PRT,9.88459667958408
1971,YR1971,Romania,ROU,..
1971,YR1971,San Marino,SMR,..
1971,YR1971,Slovak Republic,SVK,..
1971,YR1971,Slovenia,SVN,..
1971,YR1971,Spain,ESP,14.2016090699778
1971,YR1971,Sweden,SWE,4.80001422211365
1971,YR1971,Switzerland,CHE,3.88757966471186
1971,YR1971,United Kingdom,GBR,6.91885266211176
1971,YR1971,United States,USA,1.73312041915474
1972,YR1972,Andorra,AND,..
1972,YR1972,Austria,AUT,10.145097787402
1972,YR1972,Belgium,BEL,11.0564619994047
1972,YR1972,Bermuda,BMU,..
1972,YR1972,Canada,CAN,8.63680584725905
1972,YR1972,Channel Islands,CHI,..
1972,YR1972,Croatia,HRV,..
1972,YR1972,Cyprus,CYP,..
1972,YR1972,Czech Republic,CZE,..
1972,YR1972,Denmark,DNK,5.26231782927596
1972,YR1972,Estonia,EST,..
1972,YR1972,Faroe Islands,FRO,..
1972,YR1972,Finland,FIN,14.4808135639451
1972,YR1972,France,FRA,10.9903923688818
1972,YR1972,Germany,DEU,6.18279882440788
1972,YR1972,Gibraltar,GIB,..
1972,YR1972,Greece,GRC,23.3753941919231
1972,YR1972,Greenland,GRL,..
1972,YR1972,Hungary,HUN,..
1972,YR1972,Iceland,ISL,14.5052270158635
1972,YR1972,Ireland,IRL,3.60171076624979
1972,YR1972,Isle of Man,IMN,..
1972,YR1972,Italy,ITA,8.46801310105745
1972,YR1972,Latvia,LVA,..
1972,YR1972,Liechtenstein,LIE,..
1972,YR1972,Lithuania,LTU,..
1972,YR1972,Luxembourg,LUX,5.28135370861031
1972,YR1972,Monaco,MCO,..
1972,YR1972,Netherlands,NLD,9.88549702502787
1972,YR1972,Norway,NOR,13.5771060932794
1972,YR1972,Poland,POL,..
1972,YR1972,Portugal,PRT,18.5495480364228
1972,YR1972,Romania,ROU,..
1972,YR1972,San Marino,SMR,..
1972,YR1972,Slovak Republic,SVK,..
1972,YR1972,Slovenia,SVN,..
1972,YR1972,Spain,ESP,13.3997079469666
1972,YR1972,Sweden,SWE,5.89994549892292
1972,YR1972,Switzerland,CHE,6.36643400343213
1972,YR1972,United Kingdom,GBR,1.07547853661801
1972,YR1972,United States,USA,7.79457096561546
1973,YR1973,Andorra,AND,..
1973,YR1973,Austria,AUT,5.44072132598097
1973,YR1973,Belgium,BEL,14.1232644321417
1973,YR1973,Bermuda,BMU,..
1973,YR1973,Canada,CAN,10.0882778630366
1973,YR1973,Channel Islands,CHI,..
1973,YR1973,Croatia,HRV,..
1973,YR1973,Cyprus,CYP,..
1973,YR1973,Czech Republic,CZE,..
1973,YR1973,Denmark,DNK,8.35554118361954
1973,YR1973,Estonia,EST,..
1973,YR1973,Faroe Islands,FRO,..
1973,YR1973,Finland,FIN,7.22068238577549
1973,YR1973,France,FRA,12.4406065304273
1973,YR1973,Germany,DEU,10.7173007563979
1973,YR1973,Gibraltar,GIB,..
1973,YR1973,Greece,GRC,29.401304766644
1973,YR1973,Greenland,GRL,..
1973,YR1973,Hungary,HUN,..
1973,YR1973,Iceland,ISL,8.66443323776747
1973,YR1973,Ireland,IRL,10.9165350234663
1973,YR1973,Isle of Man,IMN,..
1973,YR1973,Italy,ITA,5.98970241144667
1973,YR1973,Latvia,LVA,..
1973,YR1973,Liechtenstein,LIE,..
1973,YR1973,Lithuania,LTU,..
1973,YR1973,Luxembourg,LUX,13.8898452557903
1973,YR1973,Monaco,MCO,..
1973,YR1973,Netherlands,NLD,11.6465555646786
1973,YR1973,Norway,NOR,7.74330468348521
1973,YR1973,Poland,POL,..
1973,YR1973,Portugal,PRT,4.17800195229678
1973,YR1973,Romania,ROU,..
1973,YR1973,San Marino,SMR,..
1973,YR1973,Slovak Republic,SVK,..
1973,YR1973,Slovenia,SVN,..
1973,YR1973,Spain,ESP,10.0013873141743
1973,YR1973,Sweden,SWE,13.7000427162765
1973,YR1973,Switzerland,CHE,7.85866578047678
1973,YR1973,United Kingdom,GBR,12.3054104990586
1973,YR1973,United States,USA,18.8187996636444
1974,YR1974,Andorra,AND,..
1974,YR1974,Austria,AUT,10.7110216567676
1974,YR1974,Belgium,BEL,3.70548539462587
1974,YR1974,Bermuda,BMU,..
1974,YR1974,Canada,CAN,-4.51195445496985
1974,YR1974,Channel Islands,CHI,..
1974,YR1974,Croatia,HRV,..
1974,YR1974,Cyprus,CYP,..
1974,YR1974,Czech Republic,CZE,..
1974,YR1974,Denmark,DNK,3.41460685529775
1974,YR1974,Estonia,EST,..
1974,YR1974,Faroe Islands,FRO,..
1974,YR1974,Finland,FIN,0.110747335329791
1974,YR1974,France,FRA,11.5190114020092
1974,YR1974,Germany,DEU,11.7886161251731
1974,YR1974,Gibraltar,GIB,..
1974,YR1974,Greece,GRC,0.11523080695352
1974,YR1974,Greenland,GRL,..
1974,YR1974,Hungary,HUN,..
1974,YR1974,Iceland,ISL,-2.66278908176903
1974,YR1974,Ireland,IRL,0.705347434028681
1974,YR1974,Isle of Man,IMN,..
1974,YR1974,Italy,ITA,7.14511458787526
1974,YR1974,Latvia,LVA,..
1974,YR1974,Liechtenstein,LIE,..
1974,YR1974,Lithuania,LTU,..
1974,YR1974,Luxembourg,LUX,10.7466237536863
1974,YR1974,Monaco,MCO,..
1974,YR1974,Netherlands,NLD,2.85679528587772
1974,YR1974,Norway,NOR,0.806463357800297
1974,YR1974,Poland,POL,..
1974,YR1974,Portugal,PRT,-15.7090112476047
1974,YR1974,Romania,ROU,..
1974,YR1974,San Marino,SMR,..
1974,YR1974,Slovak Republic,SVK,..
1974,YR1974,Slovenia,SVN,..
1974,YR1974,Spain,ESP,-1.00006261096581
1974,YR1974,Sweden,SWE,5.30008083577007
1974,YR1974,Switzerland,CHE,1.03078262126246
1974,YR1974,United Kingdom,GBR,7.31315183991272
1974,YR1974,United States,USA,7.94279369238228
1975,YR1975,Andorra,AND,..
1975,YR1975,Austria,AUT,-2.39919509465213
1975,YR1975,Belgium,BEL,-8.2853917668734
1975,YR1975,Bermuda,BMU,..
1975,YR1975,Canada,CAN,-8.29622836108446
1975,YR1975,Channel Islands,CHI,..
1975,YR1975,Croatia,HRV,..
1975,YR1975,Cyprus,CYP,..
1975,YR1975,Czech Republic,CZE,..
1975,YR1975,Denmark,DNK,-0.724053090388679
1975,YR1975,Estonia,EST,..
1975,YR1975,Faroe Islands,FRO,..
1975,YR1975,Finland,FIN,-13.1402899658286
1975,YR1975,France,FRA,-3.1962952528427
1975,YR1975,Germany,DEU,-6.1363635044365
1975,YR1975,Gibraltar,GIB,..
1975,YR1975,Greece,GRC,10.3200182053548
1975,YR1975,Greenland,GRL,..
1975,YR1975,Hungary,HUN,..
1975,YR1975,Iceland,ISL,2.62147582090819
1975,YR1975,Ireland,IRL,7.55136796084601
1975,YR1975,Isle of Man,IMN,..
1975,YR1975,Italy,ITA,1.68175682111347
1975,YR1975,Latvia,LVA,..
1975,YR1975,Liechtenstein,LIE,..
1975,YR1975,Lithuania,LTU,..
1975,YR1975,Luxembourg,LUX,-15.6667479522667
1975,YR1975,Monaco,MCO,..
1975,YR1975,Netherlands,NLD,-2.96550619582496
1975,YR1975,Norway,NOR,3.75048307695643
1975,YR1975,Poland,POL,..
1975,YR1975,Portugal,PRT,-15.5894358908445
1975,YR1975,Romania,ROU,..
1975,YR1975,San Marino,SMR,..
1975,YR1975,Slovak Republic,SVK,..
1975,YR1975,Slovenia,SVN,..
1975,YR1975,Spain,ESP,-0.401515989969852
1975,YR1975,Sweden,SWE,-9.30001417428004
1975,YR1975,Switzerland,CHE,-6.56883331875646
1975,YR1975,United Kingdom,GBR,-2.96327161458693
1975,YR1975,United States,USA,-0.640347570375582
1976,YR1976,Andorra,AND,..
1976,YR1976,Austria,AUT,11.0594106452711
1976,YR1976,Belgium,BEL,12.867016667704
1976,YR1976,Bermuda,BMU,..
1976,YR1976,Canada,CAN,7.76865432831906
1976,YR1976,Channel Islands,CHI,..
1976,YR1976,Croatia,HRV,..
1976,YR1976,Cyprus,CYP,65.2409803691365
1976,YR1976,Czech Republic,CZE,..
1976,YR1976,Denmark,DNK,3.43078367364409
1976,YR1976,Estonia,EST,..
1976,YR1976,Faroe Islands,FRO,..
1976,YR1976,Finland,FIN,14.3959774718707
1976,YR1976,France,FRA,8.51372281956328
1976,YR1976,Germany,DEU,10.2905572376426
1976,YR1976,Gibraltar,GIB,..
1976,YR1976,Greece,GRC,14.3191106540786
1976,YR1976,Greenland,GRL,..
1976,YR1976,Hungary,HUN,..
1976,YR1976,Iceland,ISL,13.0674852997572
1976,YR1976,Ireland,IRL,8.116614218686
1976,YR1976,Isle of Man,IMN,..
1976,YR1976,Italy,ITA,11.9550769594424
1976,YR1976,Latvia,LVA,..
1976,YR1976,Liechtenstein,LIE,..
1976,YR1976,Lithuania,LTU,..
1976,YR1976,Luxembourg,LUX,0.945784093913844
1976,YR1976,Monaco,MCO,..
1976,YR1976,Netherlands,NLD,9.19686659062616
1976,YR1976,Norway,NOR,12.2114497571844
1976,YR1976,Poland,POL,..
1976,YR1976,Portugal,PRT,0
1976,YR1976,Romania,ROU,..
1976,YR1976,San Marino,SMR,..
1976,YR1976,Slovak Republic,SVK,..
1976,YR1976,Slovenia,SVN,..
1976,YR1976,Spain,ESP,5.00080067842799
1976,YR1976,Sweden,SWE,4.29984994158082
1976,YR1976,Switzerland,CHE,9.30441332837052
1976,YR1976,United Kingdom,GBR,9.10614767031043
1976,YR1976,United States,USA,4.36640350985076
1977,YR1977,Andorra,AND,..
1977,YR1977,Austria,AUT,2.39431470016589
1977,YR1977,Belgium,BEL,2.13993418998592
1977,YR1977,Bermuda,BMU,..
1977,YR1977,Canada,CAN,6.41522597027824
1977,YR1977,Channel Islands,CHI,..
1977,YR1977,Croatia,HRV,..
1977,YR1977,Cyprus,CYP,22.3113299456596
1977,YR1977,Czech Republic,CZE,..
1977,YR1977,Denmark,DNK,3.58608695038156
1977,YR1977,Estonia,EST,..
1977,YR1977,Faroe Islands,FRO,..
1977,YR1977,Finland,FIN,16.0425185087254
1977,YR1977,France,FRA,7.90420785929116
1977,YR1977,Germany,DEU,3.9956108821625
1977,YR1977,Gibraltar,GIB,..
1977,YR1977,Greece,GRC,6.31393092977039
1977,YR1977,Greenland,GRL,..
1977,YR1977,Hungary,HUN,..
1977,YR1977,Iceland,ISL,8.91419328659273
1977,YR1977,Ireland,IRL,14.0312721457435
1977,YR1977,Isle of Man,IMN,..
1977,YR1977,Italy,ITA,10.6412409501199
1977,YR1977,Latvia,LVA,..
1977,YR1977,Liechtenstein,LIE,..
1977,YR1977,Lithuania,LTU,..
1977,YR1977,Luxembourg,LUX,4.23459707513614
1977,YR1977,Monaco,MCO,..
1977,YR1977,Netherlands,NLD,-1.35903224507375
1977,YR1977,Norway,NOR,2.53588680029659
1977,YR1977,Poland,POL,..
1977,YR1977,Portugal,PRT,5.89943327128042
1977,YR1977,Romania,ROU,..
1977,YR1977,San Marino,SMR,..
1977,YR1977,Slovak Republic,SVK,..
1977,YR1977,Slovenia,SVN,..
1977,YR1977,Spain,ESP,12.100065663886
1977,YR1977,Sweden,SWE,1.49991752144261
1977,YR1977,Switzerland,CHE,9.71671036757888
1977,YR1977,United Kingdom,GBR,6.8784620555943
1977,YR1977,United States,USA,2.40351818791984
1978,YR1978,Andorra,AND,..
1978,YR1978,Austria,AUT,8.7285700403777
1978,YR1978,Belgium,BEL,2.2856011992763
1978,YR1978,Bermuda,BMU,..
1978,YR1978,Canada,CAN,9.96653434836432
1978,YR1978,Channel Islands,CHI,..
1978,YR1978,Croatia,HRV,..
1978,YR1978,Cyprus,CYP,6.14009505474806
1978,YR1978,Czech Republic,CZE,..
1978,YR1978,Denmark,DNK,1.39594400887194
1978,YR1978,Estonia,EST,..
1978,YR1978,Faroe Islands,FRO,..
1978,YR1978,Finland,FIN,7.77728867126579
1978,YR1978,France,FRA,6.55445918378459
1978,YR1978,Germany,DEU,2.76545986261441
1978,YR1978,Gibraltar,GIB,..
1978,YR1978,Greece,GRC,12.0492722092848
1978,YR1978,Greenland,GRL,..
1978,YR1978,Hungary,HUN,..
1978,YR1978,Iceland,ISL,15.1574802044828
1978,YR1978,Ireland,IRL,12.3187554679004
1978,YR1978,Isle of Man,IMN,..
1978,YR1978,Italy,ITA,10.8576873861905
1978,YR1978,Latvia,LVA,..
1978,YR1978,Liechtenstein,LIE,..
1978,YR1978,Lithuania,LTU,..
1978,YR1978,Luxembourg,LUX,2.74805654271806
1978,YR1978,Monaco,MCO,..
1978,YR1978,Netherlands,NLD,4.21379768120708
1978,YR1978,Norway,NOR,9.98798815153688
1978,YR1978,Poland,POL,..
1978,YR1978,Portugal,PRT,9.09313949450257
1978,YR1978,Romania,ROU,..
1978,YR1978,San Marino,SMR,..
1978,YR1978,Slovak Republic,SVK,..
1978,YR1978,Slovenia,SVN,..
1978,YR1978,Spain,ESP,10.6988508233694
1978,YR1978,Sweden,SWE,7.80003612753531
1978,YR1978,Switzerland,CHE,3.71710075409202
1978,YR1978,United Kingdom,GBR,1.84892710787932
1978,YR1978,United States,USA,10.5554759594544
1979,YR1979,Andorra,AND,..
1979,YR1979,Austria,AUT,11.3242125211299
1979,YR1979,Belgium,BEL,6.99617295966209
1979,YR1979,Bermuda,BMU,..
1979,YR1979,Canada,CAN,3.77151477944182
1979,YR1979,Channel Islands,CHI,..
1979,YR1979,Croatia,HRV,..
1979,YR1979,Cyprus,CYP,20.7525919521959
1979,YR1979,Czech Republic,CZE,..
1979,YR1979,Denmark,DNK,10.8893297422211
1979,YR1979,Estonia,EST,..
1979,YR1979,Faroe Islands,FRO,..
1979,YR1979,Finland,FIN,9.65065884048457
1979,YR1979,France,FRA,6.7228297509586
1979,YR1979,Germany,DEU,4.97124236906517
1979,YR1979,Gibraltar,GIB,..
1979,YR1979,Greece,GRC,18.8049756938643
1979,YR1979,Greenland,GRL,..
1979,YR1979,Hungary,HUN,..
1979,YR1979,Iceland,ISL,6.26780614810978
1979,YR1979,Ireland,IRL,6.46879418397788
1979,YR1979,Isle of Man,IMN,..
1979,YR1979,Italy,ITA,7.79681304424275
1979,YR1979,Latvia,LVA,..
1979,YR1979,Liechtenstein,LIE,..
1979,YR1979,Lithuania,LTU,..
1979,YR1979,Luxembourg,LUX,9.66434721416962
1979,YR1979,Monaco,MCO,..
1979,YR1979,Netherlands,NLD,7.79706870158894
1979,YR1979,Norway,NOR,2.37814908752799
1979,YR1979,Poland,POL,..
1979,YR1979,Portugal,PRT,32.9662630702606
1979,YR1979,Romania,ROU,..
1979,YR1979,San Marino,SMR,..
1979,YR1979,Slovak Republic,SVK,..
1979,YR1979,Slovenia,SVN,..
1979,YR1979,Spain,ESP,5.60098159627987
1979,YR1979,Sweden,SWE,6.10007043950762
1979,YR1979,Switzerland,CHE,2.4654236834823
1979,YR1979,United Kingdom,GBR,3.77093945279863
1979,YR1979,United States,USA,9.90266389540837
1980,YR1980,Andorra,AND,..
1980,YR1980,Austria,AUT,3.68156899993302
1980,YR1980,Belgium,BEL,-0.150355957095272
1980,YR1980,Bermuda,BMU,..
1980,YR1980,Canada,CAN,1.06939488550388
1980,YR1980,Channel Islands,CHI,..
1980,YR1980,Croatia,HRV,..
1980,YR1980,Cyprus,CYP,10.8139566937535
1980,YR1980,Czech Republic,CZE,..
1980,YR1980,Denmark,DNK,5.58050447119547
1980,YR1980,Estonia,EST,..
1980,YR1980,Faroe Islands,FRO,..
1980,YR1980,Finland,FIN,8.10013185564016
1980,YR1980,France,FRA,2.78049930092739
1980,YR1980,Germany,DEU,5.45988190146629
1980,YR1980,Gibraltar,GIB,..
1980,YR1980,Greece,GRC,11.071214836868
1980,YR1980,Greenland,GRL,..
1980,YR1980,Hungary,HUN,..
1980,YR1980,Iceland,ISL,2.69883834849367
1980,YR1980,Ireland,IRL,6.35366308333889
1980,YR1980,Isle of Man,IMN,..
1980,YR1980,Italy,ITA,-8.35951450902218
1980,YR1980,Latvia,LVA,..
1980,YR1980,Liechtenstein,LIE,..
1980,YR1980,Lithuania,LTU,..
1980,YR1980,Luxembourg,LUX,-1.44755488963513
1980,YR1980,Monaco,MCO,..
1980,YR1980,Netherlands,NLD,2.55432992960598
1980,YR1980,Norway,NOR,4.63560321687002
1980,YR1980,Poland,POL,..
1980,YR1980,Portugal,PRT,2.21560098421476
1980,YR1980,Romania,ROU,..
1980,YR1980,San Marino,SMR,..
1980,YR1980,Slovak Republic,SVK,..
1980,YR1980,Slovenia,SVN,..
1980,YR1980,Spain,ESP,2.2950295517369
1980,YR1980,Sweden,SWE,-0.600003502009514
1980,YR1980,Switzerland,CHE,5.07042281430338
1980,YR1980,United Kingdom,GBR,-0.301558055780475
1980,YR1980,United States,USA,10.767450514896
1981,YR1981,Andorra,AND,..
1981,YR1981,Austria,AUT,4.88344495847149
1981,YR1981,Belgium,BEL,3.39149611698228
1981,YR1981,Bermuda,BMU,..
1981,YR1981,Canada,CAN,1.71229374454734
1981,YR1981,Channel Islands,CHI,..
1981,YR1981,Croatia,HRV,..
1981,YR1981,Cyprus,CYP,14.0818433340534
1981,YR1981,Czech Republic,CZE,..
1981,YR1981,Denmark,DNK,8.66162590172918
1981,YR1981,Estonia,EST,..
1981,YR1981,Faroe Islands,FRO,..
1981,YR1981,Finland,FIN,5.80198825649671
1981,YR1981,France,FRA,4.85308379892561
1981,YR1981,Germany,DEU,7.21840722089546
1981,YR1981,Gibraltar,GIB,..
1981,YR1981,Greece,GRC,8.40690990696888
1981,YR1981,Greenland,GRL,..
1981,YR1981,Hungary,HUN,..
1981,YR1981,Iceland,ISL,3.16388320109036
1981,YR1981,Ireland,IRL,1.9556005064119
1981,YR1981,Isle of Man,IMN,..
1981,YR1981,Italy,ITA,6.83827020427901
1981,YR1981,Latvia,LVA,..
1981,YR1981,Liechtenstein,LIE,..
1981,YR1981,Lithuania,LTU,..
1981,YR1981,Luxembourg,LUX,-4.8230469289087
1981,YR1981,Monaco,MCO,..
1981,YR1981,Netherlands,NLD,2.86357270902924
1981,YR1981,Norway,NOR,1.74107314818382
1981,YR1981,Poland,POL,..
1981,YR1981,Portugal,PRT,-4.44296229472718
1981,YR1981,Romania,ROU,..
1981,YR1981,San Marino,SMR,..
1981,YR1981,Slovak Republic,SVK,..
1981,YR1981,Slovenia,SVN,..
1981,YR1981,Spain,ESP,11.2916006692702
1981,YR1981,Sweden,SWE,3.10158462542911
1981,YR1981,Switzerland,CHE,15.2328573484674
1981,YR1981,United Kingdom,GBR,-0.494338130429696
1981,YR1981,United States,USA,1.21865493465565
1982,YR1982,Andorra,AND,..
1982,YR1982,Austria,AUT,-0.0849179941633196
1982,YR1982,Belgium,BEL,2.77881545380178
1982,YR1982,Bermuda,BMU,..
1982,YR1982,Canada,CAN,-1.37978033958984
1982,YR1982,Channel Islands,CHI,..
1982,YR1982,Croatia,HRV,..
1982,YR1982,Cyprus,CYP,7.91022855389765
1982,YR1982,Czech Republic,CZE,..
1982,YR1982,Denmark,DNK,3.1645619042161
1982,YR1982,Estonia,EST,..
1982,YR1982,Faroe Islands,FRO,..
1982,YR1982,Finland,FIN,-1.87372932578714
1982,YR1982,France,FRA,-1.12585871511889
1982,YR1982,Germany,DEU,3.70370644750709
1982,YR1982,Gibraltar,GIB,..
1982,YR1982,Greece,GRC,-16.4641050108886
1982,YR1982,Greenland,GRL,..
1982,YR1982,Hungary,HUN,..
1982,YR1982,Iceland,ISL,-8.9434382803057
1982,YR1982,Ireland,IRL,5.53577239885171
1982,YR1982,Isle of Man,IMN,..
1982,YR1982,Italy,ITA,-1.30642811487053
1982,YR1982,Latvia,LVA,..
1982,YR1982,Liechtenstein,LIE,..
1982,YR1982,Lithuania,LTU,..
1982,YR1982,Luxembourg,LUX,-0.313512315738748
1982,YR1982,Monaco,MCO,..
1982,YR1982,Netherlands,NLD,-1.04751021222202
1982,YR1982,Norway,NOR,0.132510506190144
1982,YR1982,Poland,POL,..
1982,YR1982,Portugal,PRT,4.66880761836023
1982,YR1982,Romania,ROU,..
1982,YR1982,San Marino,SMR,..
1982,YR1982,Slovak Republic,SVK,..
1982,YR1982,Slovenia,SVN,..
1982,YR1982,Spain,ESP,5.56565836027545
1982,YR1982,Sweden,SWE,6.76274319927592
1982,YR1982,Switzerland,CHE,-2.03655823924626
1982,YR1982,United Kingdom,GBR,1.11293041686417
1982,YR1982,United States,USA,-7.6567708215417
1983,YR1983,Andorra,AND,..
1983,YR1983,Austria,AUT,1.58395116743651
1983,YR1983,Belgium,BEL,2.62659416869259
1983,YR1983,Bermuda,BMU,..
1983,YR1983,Canada,CAN,5.78369075352497
1983,YR1983,Channel Islands,CHI,..
1983,YR1983,Croatia,HRV,..
1983,YR1983,Cyprus,CYP,8.1656965236423
1983,YR1983,Czech Republic,CZE,..
1983,YR1983,Denmark,DNK,4.59621025624617
1983,YR1983,Estonia,EST,..
1983,YR1983,Faroe Islands,FRO,..
1983,YR1983,Finland,FIN,4.32859222757307
1983,YR1983,France,FRA,4.74247205829916
1983,YR1983,Germany,DEU,-0.500667538167647
1983,YR1983,Gibraltar,GIB,..
1983,YR1983,Greece,GRC,-5.84641540828606
1983,YR1983,Greenland,GRL,..
1983,YR1983,Hungary,HUN,..
1983,YR1983,Iceland,ISL,11.0033087257946
1983,YR1983,Ireland,IRL,10.4524583837899
1983,YR1983,Isle of Man,IMN,..
1983,YR1983,Italy,ITA,3.80012430589083
1983,YR1983,Latvia,LVA,..
1983,YR1983,Liechtenstein,LIE,..
1983,YR1983,Lithuania,LTU,..
1983,YR1983,Luxembourg,LUX,5.28979730233947
1983,YR1983,Monaco,MCO,..
1983,YR1983,Netherlands,NLD,2.27788625232188
1983,YR1983,Norway,NOR,7.06190764266989
1983,YR1983,Poland,POL,..
1983,YR1983,Portugal,PRT,13.6051722324487
1983,YR1983,Romania,ROU,..
1983,YR1983,San Marino,SMR,..
1983,YR1983,Slovak Republic,SVK,..
1983,YR1983,Slovenia,SVN,..
1983,YR1983,Spain,ESP,9.61336887732081
1983,YR1983,Sweden,SWE,9.5060985960705
1983,YR1983,Switzerland,CHE,-2.86779769796912
1983,YR1983,United Kingdom,GBR,2.01288230298306
1983,YR1983,United States,USA,-2.59120476417438
1984,YR1984,Andorra,AND,..
1984,YR1984,Austria,AUT,8.32029336396154
1984,YR1984,Belgium,BEL,6.47193323494726
1984,YR1984,Bermuda,BMU,..
1984,YR1984,Canada,CAN,18.6211930149988
1984,YR1984,Channel Islands,CHI,..
1984,YR1984,Croatia,HRV,..
1984,YR1984,Cyprus,CYP,15.098514278346
1984,YR1984,Czech Republic,CZE,..
1984,YR1984,Denmark,DNK,3.29807592528859
1984,YR1984,Estonia,EST,..
1984,YR1984,Faroe Islands,FRO,..
1984,YR1984,Finland,FIN,6.52675648113359
1984,YR1984,France,FRA,6.77088695129531
1984,YR1984,Germany,DEU,8.85608688201256
1984,YR1984,Gibraltar,GIB,..
1984,YR1984,Greece,GRC,10.9446277787061
1984,YR1984,Greenland,GRL,..
1984,YR1984,Hungary,HUN,..
1984,YR1984,Iceland,ISL,2.40600959694302
1984,YR1984,Ireland,IRL,16.5902942973695
1984,YR1984,Isle of Man,IMN,..
1984,YR1984,Italy,ITA,7.70223741899576
1984,YR1984,Latvia,LVA,..
1984,YR1984,Liechtenstein,LIE,..
1984,YR1984,Lithuania,LTU,..
1984,YR1984,Luxembourg,LUX,18.0284320024356
1984,YR1984,Monaco,MCO,..
1984,YR1984,Netherlands,NLD,7.74026487283427
1984,YR1984,Norway,NOR,7.85240714231898
1984,YR1984,Poland,POL,..
1984,YR1984,Portugal,PRT,11.6351446068201
1984,YR1984,Romania,ROU,..
1984,YR1984,San Marino,SMR,..
1984,YR1984,Slovak Republic,SVK,..
1984,YR1984,Slovenia,SVN,..
1984,YR1984,Spain,ESP,12.0383947045691
1984,YR1984,Sweden,SWE,7.08262932854457
1984,YR1984,Switzerland,CHE,15.8328990984353
1984,YR1984,United Kingdom,GBR,6.74104902568141
1984,YR1984,United States,USA,8.15277819246903
1985,YR1985,Andorra,AND,..
1985,YR1985,Austria,AUT,8.95440207583474
1985,YR1985,Belgium,BEL,0.332600417224228
1985,YR1985,Bermuda,BMU,..
1985,YR1985,Canada,CAN,4.48386915002776
1985,YR1985,Channel Islands,CHI,..
1985,YR1985,Croatia,HRV,..
1985,YR1985,Cyprus,CYP,-1.08175271716819
1985,YR1985,Czech Republic,CZE,..
1985,YR1985,Denmark,DNK,6.03650389359321
1985,YR1985,Estonia,EST,..
1985,YR1985,Faroe Islands,FRO,..
1985,YR1985,Finland,FIN,0.634856653398515
1985,YR1985,France,FRA,2.11402759332032
1985,YR1985,Germany,DEU,7.45762651832067
1985,YR1985,Gibraltar,GIB,..
1985,YR1985,Greece,GRC,1.83111857226508
1985,YR1985,Greenland,GRL,..
1985,YR1985,Hungary,HUN,..
1985,YR1985,Iceland,ISL,11.0506142010388
1985,YR1985,Ireland,IRL,6.57932352786872
1985,YR1985,Isle of Man,IMN,..
1985,YR1985,Italy,ITA,3.57474025269391
1985,YR1985,Latvia,LVA,..
1985,YR1985,Liechtenstein,LIE,..
1985,YR1985,Lithuania,LTU,..
1985,YR1985,Luxembourg,LUX,8.79710662054185
1985,YR1985,Monaco,MCO,..
1985,YR1985,Netherlands,NLD,4.45678428276119
1985,YR1985,Norway,NOR,7.22372120640576
1985,YR1985,Poland,POL,..
1985,YR1985,Portugal,PRT,6.66592175246589
1985,YR1985,Romania,ROU,..
1985,YR1985,San Marino,SMR,..
1985,YR1985,Slovak Republic,SVK,..
1985,YR1985,Slovenia,SVN,..
1985,YR1985,Spain,ESP,0.667172128809042
1985,YR1985,Sweden,SWE,1.27012047008792
1985,YR1985,Switzerland,CHE,7.9965387258643
1985,YR1985,United Kingdom,GBR,5.85319132453701
1985,YR1985,United States,USA,3.35078843723267
1986,YR1986,Andorra,AND,..
1986,YR1986,Austria,AUT,-4.05224251225553
1986,YR1986,Belgium,BEL,2.7373733565385
1986,YR1986,Bermuda,BMU,..
1986,YR1986,Canada,CAN,4.49925240349882
1986,YR1986,Channel Islands,CHI,..
1986,YR1986,Croatia,HRV,..
1986,YR1986,Cyprus,CYP,-1.68881319593221
1986,YR1986,Czech Republic,CZE,..
1986,YR1986,Denmark,DNK,1.33932969572
1986,YR1986,Estonia,EST,..
1986,YR1986,Faroe Islands,FRO,..
1986,YR1986,Finland,FIN,2.56346067190707
1986,YR1986,France,FRA,-0.966905318800841
1986,YR1986,Germany,DEU,-1.19013361402158
1986,YR1986,Gibraltar,GIB,..
1986,YR1986,Greece,GRC,16.8489585384911
1986,YR1986,Greenland,GRL,..
1986,YR1986,Hungary,HUN,..
1986,YR1986,Iceland,ISL,5.94652110991214
1986,YR1986,Ireland,IRL,2.88590814059032
1986,YR1986,Isle of Man,IMN,..
1986,YR1986,Italy,ITA,1.68383344663945
1986,YR1986,Latvia,LVA,..
1986,YR1986,Liechtenstein,LIE,..
1986,YR1986,Lithuania,LTU,..
1986,YR1986,Luxembourg,LUX,2.98112307469285
1986,YR1986,Monaco,MCO,..
1986,YR1986,Netherlands,NLD,2.04706202765223
1986,YR1986,Norway,NOR,2.26047937717206
1986,YR1986,Poland,POL,..
1986,YR1986,Portugal,PRT,6.75565560397867
1986,YR1986,Romania,ROU,..
1986,YR1986,San Marino,SMR,..
1986,YR1986,Slovak Republic,SVK,..
1986,YR1986,Slovenia,SVN,..
1986,YR1986,Spain,ESP,0.233468311715043
1986,YR1986,Sweden,SWE,3.47978722487301
1986,YR1986,Switzerland,CHE,1.54750086173287
1986,YR1986,United Kingdom,GBR,4.16421899982873
1986,YR1986,United States,USA,7.66231421719247
1987,YR1987,Andorra,AND,..
1987,YR1987,Austria,AUT,3.43182883876774
1987,YR1987,Belgium,BEL,4.96612044632103
1987,YR1987,Bermuda,BMU,..
1987,YR1987,Canada,CAN,3.19315446451172
1987,YR1987,Channel Islands,CHI,..
1987,YR1987,Croatia,HRV,..
1987,YR1987,Cyprus,CYP,13.7003686282355
1987,YR1987,Czech Republic,CZE,..
1987,YR1987,Denmark,DNK,4.85748953107415
1987,YR1987,Estonia,EST,..
1987,YR1987,Faroe Islands,FRO,..
1987,YR1987,Finland,FIN,3.32926531608496
1987,YR1987,France,FRA,2.79520472675338
1987,YR1987,Germany,DEU,0.740096511289124
1987,YR1987,Gibraltar,GIB,..
1987,YR1987,Greece,GRC,5.93722716567665
1987,YR1987,Greenland,GRL,..
1987,YR1987,Hungary,HUN,..
1987,YR1987,Iceland,ISL,3.26633864830211
1987,YR1987,Ireland,IRL,13.7192595296721
1987,YR1987,Isle of Man,IMN,..
1987,YR1987,Italy,ITA,4.11399472512015
1987,YR1987,Latvia,LVA,..
1987,YR1987,Liechtenstein,LIE,..
1987,YR1987,Lithuania,LTU,..
1987,YR1987,Luxembourg,LUX,3.31986147393482
1987,YR1987,Monaco,MCO,..
1987,YR1987,Netherlands,NLD,3.7855644955564
1987,YR1987,Norway,NOR,1.13183430821731
1987,YR1987,Poland,POL,..
1987,YR1987,Portugal,PRT,11.2130262958744
1987,YR1987,Romania,ROU,..
1987,YR1987,San Marino,SMR,..
1987,YR1987,Slovak Republic,SVK,..
1987,YR1987,Slovenia,SVN,..
1987,YR1987,Spain,ESP,5.26523448593137
1987,YR1987,Sweden,SWE,4.03631104751254
1987,YR1987,Switzerland,CHE,-2.37584520201192
1987,YR1987,United Kingdom,GBR,5.85868414227446
1987,YR1987,United States,USA,10.9286357233022
1988,YR1988,Andorra,AND,..
1988,YR1988,Austria,AUT,8.25693859289562
1988,YR1988,Belgium,BEL,9.63279645650299
1988,YR1988,Bermuda,BMU,..
1988,YR1988,Canada,CAN,9.10651344482069
1988,YR1988,Channel Islands,CHI,..
1988,YR1988,Croatia,HRV,..
1988,YR1988,Cyprus,CYP,13.5355979449854
1988,YR1988,Czech Republic,CZE,..
1988,YR1988,Denmark,DNK,9.1420612493522
1988,YR1988,Estonia,EST,..
1988,YR1988,Faroe Islands,FRO,..
1988,YR1988,Finland,FIN,3.52435394718194
1988,YR1988,France,FRA,8.46192336722407
1988,YR1988,Germany,DEU,5.66119138100092
1988,YR1988,Gibraltar,GIB,..
1988,YR1988,Greece,GRC,-2.12284840363378
1988,YR1988,Greenland,GRL,..
1988,YR1988,Hungary,HUN,..
1988,YR1988,Iceland,ISL,-3.60477014134699
1988,YR1988,Ireland,IRL,9.02422852560267
1988,YR1988,Isle of Man,IMN,..
1988,YR1988,Italy,ITA,5.18848481415144
1988,YR1988,Latvia,LVA,..
1988,YR1988,Liechtenstein,LIE,..
1988,YR1988,Lithuania,LTU,..
1988,YR1988,Luxembourg,LUX,11.0726138001557
1988,YR1988,Monaco,MCO,..
1988,YR1988,Netherlands,NLD,8.90101279012634
1988,YR1988,Norway,NOR,6.25591819941059
1988,YR1988,Poland,POL,..
1988,YR1988,Portugal,PRT,8.1832275307785
1988,YR1988,Romania,ROU,..
1988,YR1988,San Marino,SMR,..
1988,YR1988,Slovak Republic,SVK,..
1988,YR1988,Slovenia,SVN,..
1988,YR1988,Spain,ESP,3.81698403772323
1988,YR1988,Sweden,SWE,3.33689885442095
1988,YR1988,Switzerland,CHE,7.70554484229251
1988,YR1988,United Kingdom,GBR,0.596060871114673
1988,YR1988,United States,USA,16.2123796278113
1989,YR1989,Andorra,AND,..
1989,YR1989,Austria,AUT,10.5440710007918
1989,YR1989,Belgium,BEL,8.15171708353262
1989,YR1989,Bermuda,BMU,..
1989,YR1989,Canada,CAN,0.858684534035859
1989,YR1989,Channel Islands,CHI,..
1989,YR1989,Croatia,HRV,..
1989,YR1989,Cyprus,CYP,16.6993932523909
1989,YR1989,Czech Republic,CZE,..
1989,YR1989,Denmark,DNK,4.65782053341202
1989,YR1989,Estonia,EST,..
1989,YR1989,Faroe Islands,FRO,..
1989,YR1989,Finland,FIN,1.68849541368137
1989,YR1989,France,FRA,9.77750511008585
1989,YR1989,Germany,DEU,10.2794816394423
1989,YR1989,Gibraltar,GIB,..
1989,YR1989,Greece,GRC,1.94295173945733
1989,YR1989,Greenland,GRL,..
1989,YR1989,Hungary,HUN,..
1989,YR1989,Iceland,ISL,2.94277661385803
1989,YR1989,Ireland,IRL,10.3126164828344
1989,YR1989,Isle of Man,IMN,..
1989,YR1989,Italy,ITA,8.52700155184418
1989,YR1989,Latvia,LVA,..
1989,YR1989,Liechtenstein,LIE,..
1989,YR1989,Lithuania,LTU,..
1989,YR1989,Luxembourg,LUX,12.5884342107326
1989,YR1989,Monaco,MCO,..
1989,YR1989,Netherlands,NLD,8.61166021687121
1989,YR1989,Norway,NOR,10.87939675217
1989,YR1989,Poland,POL,..
1989,YR1989,Portugal,PRT,12.2044616197041
1989,YR1989,Romania,ROU,..
1989,YR1989,San Marino,SMR,..
1989,YR1989,Slovak Republic,SVK,..
1989,YR1989,Slovenia,SVN,..
1989,YR1989,Spain,ESP,1.43181272991949
1989,YR1989,Sweden,SWE,3.17738916760175
1989,YR1989,Switzerland,CHE,5.83313275945387
1989,YR1989,United Kingdom,GBR,4.55560354260842
1989,YR1989,United States,USA,11.5767888962046
1990,YR1990,Andorra,AND,..
1990,YR1990,Austria,AUT,8.57222045136908
1990,YR1990,Belgium,BEL,4.57391540123754
1990,YR1990,Bermuda,BMU,..
1990,YR1990,Canada,CAN,4.54570498246849
1990,YR1990,Channel Islands,CHI,..
1990,YR1990,Croatia,HRV,..
1990,YR1990,Cyprus,CYP,6.68287309766755
1990,YR1990,Czech Republic,CZE,..
1990,YR1990,Denmark,DNK,6.52665080167039
1990,YR1990,Estonia,EST,..
1990,YR1990,Faroe Islands,FRO,..
1990,YR1990,Finland,FIN,1.40465825965983
1990,YR1990,France,FRA,4.14582847850362
1990,YR1990,Germany,DEU,11.3487466211508
1990,YR1990,Gibraltar,GIB,..
1990,YR1990,Greece,GRC,-3.46876737161996
1990,YR1990,Greenland,GRL,..
1990,YR1990,Hungary,HUN,..
1990,YR1990,Iceland,ISL,-0.025710389051099
1990,YR1990,Ireland,IRL,8.72992672656447
1990,YR1990,Isle of Man,IMN,..
1990,YR1990,Italy,ITA,6.195834598513
1990,YR1990,Latvia,LVA,..
1990,YR1990,Liechtenstein,LIE,..
1990,YR1990,Lithuania,LTU,..
1990,YR1990,Luxembourg,LUX,5.5872191827973
1990,YR1990,Monaco,MCO,..
1990,YR1990,Netherlands,NLD,5.65857701732739
1990,YR1990,Norway,NOR,8.55520614370742
1990,YR1990,Poland,POL,..
1990,YR1990,Portugal,PRT,9.48812838982909
1990,YR1990,Romania,ROU,..
1990,YR1990,San Marino,SMR,..
1990,YR1990,Slovak Republic,SVK,..
1990,YR1990,Slovenia,SVN,..
1990,YR1990,Spain,ESP,4.69234567480584
1990,YR1990,Sweden,SWE,2.30808741059634
1990,YR1990,Switzerland,CHE,2.06718028644816
1990,YR1990,United Kingdom,GBR,5.28109705771362
1990,YR1990,United States,USA,8.82185701354692
1991,YR1991,Andorra,AND,..
1991,YR1991,Austria,AUT,2.93729593609102
1991,YR1991,Belgium,BEL,3.0553907903133
1991,YR1991,Bermuda,BMU,..
1991,YR1991,Canada,CAN,1.62219763706514
1991,YR1991,Channel Islands,CHI,..
1991,YR1991,Croatia,HRV,..
1991,YR1991,Cyprus,CYP,-8.46329852126303
1991,YR1991,Czech Republic,CZE,-6.04951900491281
1991,YR1991,Denmark,DNK,6.16886412259643
1991,YR1991,Estonia,EST,..
1991,YR1991,Faroe Islands,FRO,..
1991,YR1991,Finland,FIN,-7.89520269074173
1991,YR1991,France,FRA,6.27729974196045
1991,YR1991,Germany,DEU,11.0247575320524
1991,YR1991,Gibraltar,GIB,..
1991,YR1991,Greece,GRC,4.12329108956911
1991,YR1991,Greenland,GRL,..
1991,YR1991,Hungary,HUN,..
1991,YR1991,Iceland,ISL,-5.90959918904097
1991,YR1991,Ireland,IRL,5.70269120522779
1991,YR1991,Isle of Man,IMN,..
1991,YR1991,Italy,ITA,-1.94719136630935
1991,YR1991,Latvia,LVA,..
1991,YR1991,Liechtenstein,LIE,..
1991,YR1991,Lithuania,LTU,..
1991,YR1991,Luxembourg,LUX,9.18537506181956
1991,YR1991,Monaco,MCO,..
1991,YR1991,Netherlands,NLD,6.60807217161351
1991,YR1991,Norway,NOR,6.04572195558947
1991,YR1991,Poland,POL,..
1991,YR1991,Portugal,PRT,1.16203638336501
1991,YR1991,Romania,ROU,-17.9162109164093
1991,YR1991,San Marino,SMR,..
1991,YR1991,Slovak Republic,SVK,..
1991,YR1991,Slovenia,SVN,-20.1462128183964
1991,YR1991,Spain,ESP,8.24700574615203
1991,YR1991,Sweden,SWE,-1.96578508516161
1991,YR1991,Switzerland,CHE,-1.64703824465523
1991,YR1991,United Kingdom,GBR,0.165924398473067
1991,YR1991,United States,USA,6.61422324466861
1992,YR1992,Andorra,AND,..
1992,YR1992,Austria,AUT,1.31938574518928
1992,YR1992,Belgium,BEL,3.66682180485087
1992,YR1992,Bermuda,BMU,..
1992,YR1992,Canada,CAN,7.43421564242371
1992,YR1992,Channel Islands,CHI,..
1992,YR1992,Croatia,HRV,..
1992,YR1992,Cyprus,CYP,19.8602644689945
1992,YR1992,Czech Republic,CZE,9.54979253292434
1992,YR1992,Denmark,DNK,0.270817157934403
1992,YR1992,Estonia,EST,..
1992,YR1992,Faroe Islands,FRO,..
1992,YR1992,Finland,FIN,10.3786277147799
1992,YR1992,France,FRA,5.94987999496411
1992,YR1992,Germany,DEU,-0.369376221020872
1992,YR1992,Gibraltar,GIB,..
1992,YR1992,Greece,GRC,10.0211643478499
1992,YR1992,Greenland,GRL,..
1992,YR1992,Hungary,HUN,2.10164379817053
1992,YR1992,Iceland,ISL,-1.98193262475705
1992,YR1992,Ireland,IRL,13.8879478000525
1992,YR1992,Isle of Man,IMN,..
1992,YR1992,Italy,ITA,7.28670095288339
1992,YR1992,Latvia,LVA,..
1992,YR1992,Liechtenstein,LIE,..
1992,YR1992,Lithuania,LTU,..
1992,YR1992,Luxembourg,LUX,2.73105292638331
1992,YR1992,Monaco,MCO,..
1992,YR1992,Netherlands,NLD,2.94340162721656
1992,YR1992,Norway,NOR,4.81157367155194
1992,YR1992,Poland,POL,..
1992,YR1992,Portugal,PRT,3.23750445432982
1992,YR1992,Romania,ROU,2.89778116404349
1992,YR1992,San Marino,SMR,..
1992,YR1992,Slovak Republic,SVK,..
1992,YR1992,Slovenia,SVN,-23.4948247349003
1992,YR1992,Spain,ESP,7.50803711337954
1992,YR1992,Sweden,SWE,2.15726213020891
1992,YR1992,Switzerland,CHE,3.89893873581799
1992,YR1992,United Kingdom,GBR,4.52982717622371
1992,YR1992,United States,USA,6.92738213727952
1993,YR1993,Andorra,AND,..
1993,YR1993,Austria,AUT,-2.37316095844361
1993,YR1993,Belgium,BEL,-0.442316029990323
1993,YR1993,Bermuda,BMU,..
1993,YR1993,Canada,CAN,10.7952457086765
1993,YR1993,Channel Islands,CHI,..
1993,YR1993,Croatia,HRV,..
1993,YR1993,Cyprus,CYP,-2.83478488791783
1993,YR1993,Czech Republic,CZE,15.8231838314179
1993,YR1993,Denmark,DNK,1.22924018362802
1993,YR1993,Estonia,EST,..
1993,YR1993,Faroe Islands,FRO,..
1993,YR1993,Finland,FIN,16.6681177085147
1993,YR1993,France,FRA,0.39460544485874
1993,YR1993,Germany,DEU,-5.93191880928616
1993,YR1993,Gibraltar,GIB,..
1993,YR1993,Greece,GRC,-2.59684949764998
1993,YR1993,Greenland,GRL,..
1993,YR1993,Hungary,HUN,-10.1393358763819
1993,YR1993,Iceland,ISL,6.51268878270861
1993,YR1993,Ireland,IRL,9.69895561869166
1993,YR1993,Isle of Man,IMN,..
1993,YR1993,Italy,ITA,8.97212161075866
1993,YR1993,Latvia,LVA,..
1993,YR1993,Liechtenstein,LIE,..
1993,YR1993,Lithuania,LTU,..
1993,YR1993,Luxembourg,LUX,4.75855373020337
1993,YR1993,Monaco,MCO,..
1993,YR1993,Netherlands,NLD,3.96851838716745
1993,YR1993,Norway,NOR,3.14641347639912
1993,YR1993,Poland,POL,..
1993,YR1993,Portugal,PRT,-3.27341832760386
1993,YR1993,Romania,ROU,11.1260316493945
1993,YR1993,San Marino,SMR,..
1993,YR1993,Slovak Republic,SVK,-0.253944294079304
1993,YR1993,Slovenia,SVN,0.586672673610749
1993,YR1993,Spain,ESP,7.83631889147203
1993,YR1993,Sweden,SWE,7.80563690667005
1993,YR1993,Switzerland,CHE,-0.686504226133934
1993,YR1993,United Kingdom,GBR,4.55080015890785
1993,YR1993,United States,USA,3.27537793151549
1994,YR1994,Andorra,AND,..
1994,YR1994,Austria,AUT,5.68808865004087
1994,YR1994,Belgium,BEL,8.32762419689084
1994,YR1994,Bermuda,BMU,..
1994,YR1994,Canada,CAN,12.8155113092417
1994,YR1994,Channel Islands,CHI,..
1994,YR1994,Croatia,HRV,..
1994,YR1994,Cyprus,CYP,8.19361825422267
1994,YR1994,Czech Republic,CZE,3.79047995956969
1994,YR1994,Denmark,DNK,8.2356196704656
1994,YR1994,Estonia,EST,3.51872877696235
1994,YR1994,Faroe Islands,FRO,..
1994,YR1994,Finland,FIN,13.2868176560576
1994,YR1994,France,FRA,8.15891466251402
1994,YR1994,Germany,DEU,7.91831080907855
1994,YR1994,Gibraltar,GIB,..
1994,YR1994,Greece,GRC,7.38403262601177
1994,YR1994,Greenland,GRL,..
1994,YR1994,Hungary,HUN,13.7199986335597
1994,YR1994,Iceland,ISL,9.27821831868276
1994,YR1994,Ireland,IRL,15.1337321575288
1994,YR1994,Isle of Man,IMN,..
1994,YR1994,Italy,ITA,9.6270044128856
1994,YR1994,Latvia,LVA,..
1994,YR1994,Liechtenstein,LIE,..
1994,YR1994,Lithuania,LTU,..
1994,YR1994,Luxembourg,LUX,7.69035573717976
1994,YR1994,Monaco,MCO,..
1994,YR1994,Netherlands,NLD,8.66959464476788
1994,YR1994,Norway,NOR,8.43044956311122
1994,YR1994,Poland,POL,..
1994,YR1994,Portugal,PRT,8.38865290866222
1994,YR1994,Romania,ROU,19.0358740678839
1994,YR1994,San Marino,SMR,..
1994,YR1994,Slovak Republic,SVK,14.7587786954897
1994,YR1994,Slovenia,SVN,12.3277142540754
1994,YR1994,Spain,ESP,16.6696769329238
1994,YR1994,Sweden,SWE,13.6081991859989
1994,YR1994,Switzerland,CHE,1.4214419326251
1994,YR1994,United Kingdom,GBR,9.2292659271144
1994,YR1994,United States,USA,8.83591542193597
1995,YR1995,Andorra,AND,..
1995,YR1995,Austria,AUT,7.205393675859
1995,YR1995,Belgium,BEL,4.99194724443628
1995,YR1995,Bermuda,BMU,..
1995,YR1995,Canada,CAN,8.86624921873091
1995,YR1995,Channel Islands,CHI,..
1995,YR1995,Croatia,HRV,..
1995,YR1995,Cyprus,CYP,18.5476361620587
1995,YR1995,Czech Republic,CZE,23.462292555945
1995,YR1995,Denmark,DNK,2.71747310737463
1995,YR1995,Estonia,EST,5.41155818934583
1995,YR1995,Faroe Islands,FRO,..
1995,YR1995,Finland,FIN,8.75107041696859
1995,YR1995,France,FRA,8.85431557807281
1995,YR1995,Germany,DEU,6.60690580752907
1995,YR1995,Gibraltar,GIB,..
1995,YR1995,Greece,GRC,2.99902826381147
1995,YR1995,Greenland,GRL,..
1995,YR1995,Hungary,HUN,36.4116873565163
1995,YR1995,Iceland,ISL,-2.28875446934475
1995,YR1995,Ireland,IRL,19.951780445598
1995,YR1995,Isle of Man,IMN,..
1995,YR1995,Italy,ITA,12.5828416236363
1995,YR1995,Latvia,LVA,..
1995,YR1995,Liechtenstein,LIE,..
1995,YR1995,Lithuania,LTU,..
1995,YR1995,Luxembourg,LUX,11.8263872933224
1995,YR1995,Monaco,MCO,..
1995,YR1995,Netherlands,NLD,9.20882190196484
1995,YR1995,Norway,NOR,5.00109583545381
1995,YR1995,Poland,POL,..
1995,YR1995,Portugal,PRT,8.83800891627236
1995,YR1995,Romania,ROU,32.481500982201
1995,YR1995,San Marino,SMR,..
1995,YR1995,Slovak Republic,SVK,4.54805686515938
1995,YR1995,Slovenia,SVN,1.08999734101319
1995,YR1995,Spain,ESP,9.40146351926603
1995,YR1995,Sweden,SWE,11.2837921730256
1995,YR1995,Switzerland,CHE,2.91592490562078
1995,YR1995,United Kingdom,GBR,9.44567863936044
1995,YR1995,United States,USA,10.279101044508
1996,YR1996,Andorra,AND,..
1996,YR1996,Austria,AUT,4.63848773216174
1996,YR1996,Belgium,BEL,4.97513962364533
1996,YR1996,Bermuda,BMU,..
1996,YR1996,Canada,CAN,5.72342499154355
1996,YR1996,Channel Islands,CHI,..
1996,YR1996,Croatia,HRV,16.7461522100785
1996,YR1996,Cyprus,CYP,6.41329931604591
1996,YR1996,Czech Republic,CZE,2.49652449210855
1996,YR1996,Denmark,DNK,4.66144680178606
1996,YR1996,Estonia,EST,2.57313838584928
1996,YR1996,Faroe Islands,FRO,..
1996,YR1996,Finland,FIN,5.76334837517794
1996,YR1996,France,FRA,4.26808779801264
1996,YR1996,Germany,DEU,5.88601602757184
1996,YR1996,Gibraltar,GIB,..
1996,YR1996,Greece,GRC,4.08447723275506
1996,YR1996,Greenland,GRL,..
1996,YR1996,Hungary,HUN,9.16615137034324
1996,YR1996,Iceland,ISL,8.09036561053018
1996,YR1996,Ireland,IRL,12.4215794199011
1996,YR1996,Isle of Man,IMN,..
1996,YR1996,Italy,ITA,1.43846836769063
1996,YR1996,Latvia,LVA,18.6006512682171
1996,YR1996,Liechtenstein,LIE,..
1996,YR1996,Lithuania,LTU,25.8719296346981
1996,YR1996,Luxembourg,LUX,3.65670215507166
1996,YR1996,Monaco,MCO,..
1996,YR1996,Netherlands,NLD,4.14541018692091
1996,YR1996,Norway,NOR,10.0259200558496
1996,YR1996,Poland,POL,11.3308682649721
1996,YR1996,Portugal,PRT,5.70033407882565
1996,YR1996,Romania,ROU,6.08506674945669
1996,YR1996,San Marino,SMR,..
1996,YR1996,Slovak Republic,SVK,-2.27983077102016
1996,YR1996,Slovenia,SVN,2.97184351948978
1996,YR1996,Spain,ESP,9.9718657695519
1996,YR1996,Sweden,SWE,4.41346148612978
1996,YR1996,Switzerland,CHE,3.07541127108755
1996,YR1996,United Kingdom,GBR,7.09803007435879
1996,YR1996,United States,USA,8.17562907061478
1997,YR1997,Andorra,AND,..
1997,YR1997,Austria,AUT,11.0278210063177
1997,YR1997,Belgium,BEL,9.49056347134571
1997,YR1997,Bermuda,BMU,..
1997,YR1997,Canada,CAN,8.59619165220116
1997,YR1997,Channel Islands,CHI,..
1997,YR1997,Croatia,HRV,6.69544906491161
1997,YR1997,Cyprus,CYP,-0.0225204136010575
1997,YR1997,Czech Republic,CZE,7.59171453755205
1997,YR1997,Denmark,DNK,4.50989955067944
1997,YR1997,Estonia,EST,25.4272179212465
1997,YR1997,Faroe Islands,FRO,..
1997,YR1997,Finland,FIN,14.0284061623046
1997,YR1997,France,FRA,13.0392450903482
1997,YR1997,Germany,DEU,12.2352942005026
1997,YR1997,Gibraltar,GIB,..
1997,YR1997,Greece,GRC,23.1028883551497
1997,YR1997,Greenland,GRL,..
1997,YR1997,Hungary,HUN,22.747353277859
1997,YR1997,Iceland,ISL,4.78564478233956
1997,YR1997,Ireland,IRL,17.5484562771855
1997,YR1997,Isle of Man,IMN,..
1997,YR1997,Italy,ITA,5.03507816280893
1997,YR1997,Latvia,LVA,12.7479519494634
1997,YR1997,Liechtenstein,LIE,..
1997,YR1997,Lithuania,LTU,23.9329635588763
1997,YR1997,Luxembourg,LUX,11.0327134564438
1997,YR1997,Monaco,MCO,..
1997,YR1997,Netherlands,NLD,9.67665298458766
1997,YR1997,Norway,NOR,7.75939404787296
1997,YR1997,Poland,POL,12.2017860071065
1997,YR1997,Portugal,PRT,7.30575363556822
1997,YR1997,Romania,ROU,11.1688222259931
1997,YR1997,San Marino,SMR,..
1997,YR1997,Slovak Republic,SVK,13.7488000197356
1997,YR1997,Slovenia,SVN,11.6346204007112
1997,YR1997,Spain,ESP,14.3903434900219
1997,YR1997,Sweden,SWE,13.9336689284369
1997,YR1997,Switzerland,CHE,14.7598123587205
1997,YR1997,United Kingdom,GBR,7.72876706173548
1997,YR1997,United States,USA,11.9099104004424
1998,YR1998,Andorra,AND,..
1998,YR1998,Austria,AUT,7.85148470641843
1998,YR1998,Belgium,BEL,4.13777924507539
1998,YR1998,Bermuda,BMU,..
1998,YR1998,Canada,CAN,9.51698857715553
1998,YR1998,Channel Islands,CHI,..
1998,YR1998,Croatia,HRV,-0.217484694643147
1998,YR1998,Cyprus,CYP,5.82318315634862
1998,YR1998,Czech Republic,CZE,9.65229469025508
1998,YR1998,Denmark,DNK,4.10222548399911
1998,YR1998,Estonia,EST,13.1609245374928
1998,YR1998,Faroe Islands,FRO,..
1998,YR1998,Finland,FIN,8.87220310891239
1998,YR1998,France,FRA,8.81254070367294
1998,YR1998,Germany,DEU,7.67819783446335
1998,YR1998,Gibraltar,GIB,..
1998,YR1998,Greece,GRC,4.51439319670104
1998,YR1998,Greenland,GRL,..
1998,YR1998,Hungary,HUN,15.4789913045829
1998,YR1998,Iceland,ISL,1.42346768928789
1998,YR1998,Ireland,IRL,22.7703474163587
1998,YR1998,Isle of Man,IMN,..
1998,YR1998,Italy,ITA,2.69413250261665
1998,YR1998,Latvia,LVA,4.71868504461864
1998,YR1998,Liechtenstein,LIE,..
1998,YR1998,Lithuania,LTU,3.79310942884045
1998,YR1998,Luxembourg,LUX,12.5713823479791
1998,YR1998,Monaco,MCO,..
1998,YR1998,Netherlands,NLD,6.6988093637346
1998,YR1998,Norway,NOR,0.671568827350512
1998,YR1998,Poland,POL,14.2434272910879
1998,YR1998,Portugal,PRT,8.11811471889577
1998,YR1998,Romania,ROU,-1.59654719293511
1998,YR1998,San Marino,SMR,..
1998,YR1998,Slovak Republic,SVK,-2.28911911376538
1998,YR1998,Slovenia,SVN,7.82184861428006
1998,YR1998,Spain,ESP,8.14668153931957
1998,YR1998,Sweden,SWE,8.9158533670205
1998,YR1998,Switzerland,CHE,2.64419799631735
1998,YR1998,United Kingdom,GBR,2.76968735037487
1998,YR1998,United States,USA,2.33579484372848
1999,YR1999,Andorra,AND,..
1999,YR1999,Austria,AUT,6.43395955432737
1999,YR1999,Belgium,BEL,4.84927187929985
1999,YR1999,Bermuda,BMU,..
1999,YR1999,Canada,CAN,10.828567992982
1999,YR1999,Channel Islands,CHI,..
1999,YR1999,Croatia,HRV,1.44868485281353
1999,YR1999,Cyprus,CYP,2.43127597831139
1999,YR1999,Czech Republic,CZE,5.19658684826632
1999,YR1999,Denmark,DNK,11.27558690939
1999,YR1999,Estonia,EST,0.474191073422432
1999,YR1999,Faroe Islands,FRO,..
1999,YR1999,Finland,FIN,11.3369008626655
1999,YR1999,France,FRA,5.11192149949309
1999,YR1999,Germany,DEU,5.2810902136911
1999,YR1999,Gibraltar,GIB,..
1999,YR1999,Greece,GRC,24.4448698536096
1999,YR1999,Greenland,GRL,..
1999,YR1999,Hungary,HUN,11.8011703190894
1999,YR1999,Iceland,ISL,3.11187712610639
1999,YR1999,Ireland,IRL,15.7717951169223
1999,YR1999,Isle of Man,IMN,..
1999,YR1999,Italy,ITA,-0.978272835108612
1999,YR1999,Latvia,LVA,-6.34914883551644
1999,YR1999,Liechtenstein,LIE,..
1999,YR1999,Lithuania,LTU,-18.8408023514484
1999,YR1999,Luxembourg,LUX,12.2618132468645
1999,YR1999,Monaco,MCO,..
1999,YR1999,Netherlands,NLD,9.01289009768537
1999,YR1999,Norway,NOR,2.84560034540027
1999,YR1999,Poland,POL,-2.51496606323227
1999,YR1999,Portugal,PRT,3.52649860316593
1999,YR1999,Romania,ROU,7.31552691981719
1999,YR1999,San Marino,SMR,..
1999,YR1999,Slovak Republic,SVK,10.2352352815228
1999,YR1999,Slovenia,SVN,2.00450055045897
1999,YR1999,Spain,ESP,8.0708793390646
1999,YR1999,Sweden,SWE,7.19962363694407
1999,YR1999,Switzerland,CHE,3.27859115732687
1999,YR1999,United Kingdom,GBR,2.77640188364737
1999,YR1999,United States,USA,4.98141975828652
2000,YR2000,Andorra,AND,..
2000,YR2000,Austria,AUT,13.5245842770046
2000,YR2000,Belgium,BEL,12.3969398071326
2000,YR2000,Bermuda,BMU,..
2000,YR2000,Canada,CAN,9.02570632179174
2000,YR2000,Channel Islands,CHI,..
2000,YR2000,Croatia,HRV,13.6849099794808
2000,YR2000,Cyprus,CYP,8.77077705729215
2000,YR2000,Czech Republic,CZE,14.7810727328944
2000,YR2000,Denmark,DNK,12.6129379951964
2000,YR2000,Estonia,EST,-6.95007536678088
2000,YR2000,Faroe Islands,FRO,..
2000,YR2000,Finland,FIN,16.1055750067331
2000,YR2000,France,FRA,12.8855442061582
2000,YR2000,Germany,DEU,13.823391903386
2000,YR2000,Gibraltar,GIB,..
2000,YR2000,Greece,GRC,22.1831521457411
2000,YR2000,Greenland,GRL,..
2000,YR2000,Hungary,HUN,25.0041469398824
2000,YR2000,Iceland,ISL,3.85395531978085
2000,YR2000,Ireland,IRL,21.1877848669221
2000,YR2000,Isle of Man,IMN,..
2000,YR2000,Italy,ITA,12.0846451990432
2000,YR2000,Latvia,LVA,14.4187853128835
2000,YR2000,Liechtenstein,LIE,..
2000,YR2000,Lithuania,LTU,14.1161568026843
2000,YR2000,Luxembourg,LUX,15.4038506823355
2000,YR2000,Monaco,MCO,..
2000,YR2000,Netherlands,NLD,12.4289130956576
2000,YR2000,Norway,NOR,3.17447051330453
2000,YR2000,Poland,POL,23.60691611082
2000,YR2000,Portugal,PRT,8.52586185742632
2000,YR2000,Romania,ROU,-18.5764681730008
2000,YR2000,San Marino,SMR,..
2000,YR2000,Slovak Republic,SVK,8.31548141397501
2000,YR2000,Slovenia,SVN,12.5925164952091
2000,YR2000,Spain,ESP,10.4382101289864
2000,YR2000,Sweden,SWE,12.041256543682
2000,YR2000,Switzerland,CHE,12.1908385484768
2000,YR2000,United Kingdom,GBR,9.00388778614068
2000,YR2000,United States,USA,8.34422400346335
2001,YR2001,Andorra,AND,..
2001,YR2001,Austria,AUT,5.77099797831282
2001,YR2001,Belgium,BEL,0.380176642316869
2001,YR2001,Bermuda,BMU,..
2001,YR2001,Canada,CAN,-2.90045675867073
2001,YR2001,Channel Islands,CHI,..
2001,YR2001,Croatia,HRV,9.9341260586606
2001,YR2001,Cyprus,CYP,1.76118779953633
2001,YR2001,Czech Republic,CZE,9.42867176074714
2001,YR2001,Denmark,DNK,3.35792398876423
2001,YR2001,Estonia,EST,6.33280555534934
2001,YR2001,Faroe Islands,FRO,..
2001,YR2001,Finland,FIN,1.82181539175276
2001,YR2001,France,FRA,3.07217831393369
2001,YR2001,Germany,DEU,5.66612550907573
2001,YR2001,Gibraltar,GIB,..
2001,YR2001,Greece,GRC,0.120190368809546
2001,YR2001,Greenland,GRL,..
2001,YR2001,Hungary,HUN,8.83235119441366
2001,YR2001,Iceland,ISL,6.70280956607066
2001,YR2001,Ireland,IRL,14.00814382795
2001,YR2001,Isle of Man,IMN,..
2001,YR2001,Italy,ITA,2.57115643383439
2001,YR2001,Latvia,LVA,9.03767977952958
2001,YR2001,Liechtenstein,LIE,..
2001,YR2001,Lithuania,LTU,24.0724948525489
2001,YR2001,Luxembourg,LUX,5.83764939514657
2001,YR2001,Monaco,MCO,..
2001,YR2001,Netherlands,NLD,1.47282031323516
2001,YR2001,Norway,NOR,4.34327182529705
2001,YR2001,Poland,POL,3.05550614243548
2001,YR2001,Portugal,PRT,2.29873071768729
2001,YR2001,Romania,ROU,14.2603908048934
2001,YR2001,San Marino,SMR,..
2001,YR2001,Slovak Republic,SVK,11.0460110596965
2001,YR2001,Slovenia,SVN,7.18255346066773
2001,YR2001,Spain,ESP,3.94199567041579
2001,YR2001,Sweden,SWE,0.590599543782616
2001,YR2001,Switzerland,CHE,-0.013350755226142
2001,YR2001,United Kingdom,GBR,1.86646658209399
2001,YR2001,United States,USA,-5.78423614574461
2002,YR2002,Andorra,AND,..
2002,YR2002,Austria,AUT,4.28621823277989
2002,YR2002,Belgium,BEL,3.44836954394567
2002,YR2002,Bermuda,BMU,..
2002,YR2002,Canada,CAN,1.22919250014716
2002,YR2002,Channel Islands,CHI,..
2002,YR2002,Croatia,HRV,4.82189623680097
2002,YR2002,Cyprus,CYP,-3.50034452928189
2002,YR2002,Czech Republic,CZE,0.922339246660144
2002,YR2002,Denmark,DNK,4.35231037660009
2002,YR2002,Estonia,EST,2.82067469728915
2002,YR2002,Faroe Islands,FRO,..
2002,YR2002,Finland,FIN,3.98324688069536
2002,YR2002,France,FRA,1.99747061382611
2002,YR2002,Germany,DEU,4.20910994952483
2002,YR2002,Gibraltar,GIB,..
2002,YR2002,Greece,GRC,-7.32460457592329
2002,YR2002,Greenland,GRL,..
2002,YR2002,Hungary,HUN,5.76034844257616
2002,YR2002,Iceland,ISL,3.39486944652656
2002,YR2002,Ireland,IRL,6.47584505932231
2002,YR2002,Isle of Man,IMN,..
2002,YR2002,Italy,ITA,-2.80462646596867
2002,YR2002,Latvia,LVA,5.03040021520056
2002,YR2002,Liechtenstein,LIE,..
2002,YR2002,Lithuania,LTU,20.1895728038889
2002,YR2002,Luxembourg,LUX,2.61074104769531
2002,YR2002,Monaco,MCO,..
2002,YR2002,Netherlands,NLD,0.647164196820455
2002,YR2002,Norway,NOR,-0.272430449032839
2002,YR2002,Poland,POL,4.82589512431927
2002,YR2002,Portugal,PRT,3.31036299231432
2002,YR2002,Romania,ROU,17.3514398362579
2002,YR2002,San Marino,SMR,..
2002,YR2002,Slovak Republic,SVK,7.41449680938429
2002,YR2002,Slovenia,SVN,7.78231727618288
2002,YR2002,Spain,ESP,1.42254961463955
2002,YR2002,Sweden,SWE,1.69881478442566
2002,YR2002,Switzerland,CHE,-2.08571229709922
2002,YR2002,United Kingdom,GBR,1.3069215318428
2002,YR2002,United States,USA,-1.73692057568502
2003,YR2003,Andorra,AND,..
2003,YR2003,Austria,AUT,0.53149344399597
2003,YR2003,Belgium,BEL,1.61534349306791
2003,YR2003,Bermuda,BMU,..
2003,YR2003,Canada,CAN,-1.70920133947747
2003,YR2003,Channel Islands,CHI,..
2003,YR2003,Croatia,HRV,6.77633009443068
2003,YR2003,Cyprus,CYP,-2.8987773906936
2003,YR2003,Czech Republic,CZE,8.82346075049607
2003,YR2003,Denmark,DNK,-1.20878255554783
2003,YR2003,Estonia,EST,10.1725393058109
2003,YR2003,Faroe Islands,FRO,..
2003,YR2003,Finland,FIN,-1.00780288858554
2003,YR2003,France,FRA,-0.958891770932496
2003,YR2003,Germany,DEU,1.89966909218784
2003,YR2003,Gibraltar,GIB,..
2003,YR2003,Greece,GRC,-0.734168587524607
2003,YR2003,Greenland,GRL,..
2003,YR2003,Hungary,HUN,6.24958153043144
2003,YR2003,Iceland,ISL,0.944702941385756
2003,YR2003,Ireland,IRL,-1.69779483243168
2003,YR2003,Isle of Man,IMN,..
2003,YR2003,Italy,ITA,-1.29836360934848
2003,YR2003,Latvia,LVA,3.98014761561552
2003,YR2003,Liechtenstein,LIE,..
2003,YR2003,Lithuania,LTU,9.07317947030212
2003,YR2003,Luxembourg,LUX,2.82388388740324
2003,YR2003,Monaco,MCO,..
2003,YR2003,Netherlands,NLD,1.84124794059373
2003,YR2003,Norway,NOR,-0.113278453829636
2003,YR2003,Poland,POL,14.0797662460169
2003,YR2003,Portugal,PRT,4.95060646792953
2003,YR2003,Romania,ROU,8.34080046356969
2003,YR2003,San Marino,SMR,..
2003,YR2003,Slovak Republic,SVK,19.7406302888908
2003,YR2003,Slovenia,SVN,3.16049690943967
2003,YR2003,Spain,ESP,3.56838377545333
2003,YR2003,Sweden,SWE,4.30800997903513
2003,YR2003,Switzerland,CHE,-1.09572371674945
2003,YR2003,United Kingdom,GBR,2.31811118216523
2003,YR2003,United States,USA,2.18253458349125
2004,YR2004,Andorra,AND,..
2004,YR2004,Austria,AUT,8.6610717838759
2004,YR2004,Belgium,BEL,6.1933854343938
2004,YR2004,Bermuda,BMU,..
2004,YR2004,Canada,CAN,5.53065262875181
2004,YR2004,Channel Islands,CHI,..
2004,YR2004,Croatia,HRV,7.29826195547412
2004,YR2004,Cyprus,CYP,3.19110523738443
2004,YR2004,Czech Republic,CZE,29.6794624271556
2004,YR2004,Denmark,DNK,3.02537868690884
2004,YR2004,Estonia,EST,17.2923102929433
2004,YR2004,Faroe Islands,FRO,..
2004,YR2004,Finland,FIN,8.74206234358775
2004,YR2004,France,FRA,5.35805064172456
2004,YR2004,Germany,DEU,11.5294114107891
2004,YR2004,Gibraltar,GIB,..
2004,YR2004,Greece,GRC,18.5506110225345
2004,YR2004,Greenland,GRL,9.99196020300485
2004,YR2004,Hungary,HUN,17.8873672998188
2004,YR2004,Iceland,ISL,8.16268495299593
2004,YR2004,Ireland,IRL,6.52037493080326
2004,YR2004,Isle of Man,IMN,..
2004,YR2004,Italy,ITA,6.12957465953315
2004,YR2004,Latvia,LVA,13.7525010217856
2004,YR2004,Liechtenstein,LIE,..
2004,YR2004,Lithuania,LTU,7.23998103553154
2004,YR2004,Luxembourg,LUX,10.7467568392804
2004,YR2004,Monaco,MCO,..
2004,YR2004,Netherlands,NLD,8.21275273295771
2004,YR2004,Norway,NOR,1.02872437818789
2004,YR2004,Poland,POL,4.77482170299641
2004,YR2004,Portugal,PRT,3.55230924148778
2004,YR2004,Romania,ROU,14.1439812412445
2004,YR2004,San Marino,SMR,..
2004,YR2004,Slovak Republic,SVK,21.1443902491567
2004,YR2004,Slovenia,SVN,13.0424695828061
2004,YR2004,Spain,ESP,4.30422428190373
2004,YR2004,Sweden,SWE,11.2595343227425
2004,YR2004,Switzerland,CHE,9.54580896276178
2004,YR2004,United Kingdom,GBR,4.33398899765017
2004,YR2004,United States,USA,9.66825614332893
2005,YR2005,Andorra,AND,..
2005,YR2005,Austria,AUT,6.66510663252373
2005,YR2005,Belgium,BEL,5.51108834125739
2005,YR2005,Bermuda,BMU,..
2005,YR2005,Canada,CAN,2.27195005223555
2005,YR2005,Channel Islands,CHI,..
2005,YR2005,Croatia,HRV,4.57555614818834
2005,YR2005,Cyprus,CYP,3.09151940775875
2005,YR2005,Czech Republic,CZE,18.1584722177063
2005,YR2005,Denmark,DNK,7.82018100288644
2005,YR2005,Estonia,EST,19.9223955495039
2005,YR2005,Faroe Islands,FRO,..
2005,YR2005,Finland,FIN,6.94805398127562
2005,YR2005,France,FRA,3.97561973532305
2005,YR2005,Germany,DEU,6.68614001905124
2005,YR2005,Gibraltar,GIB,..
2005,YR2005,Greece,GRC,3.33947553338901
2005,YR2005,Greenland,GRL,5.20112382649218
2005,YR2005,Hungary,HUN,12.8753277757059
2005,YR2005,Iceland,ISL,7.05307894107885
2005,YR2005,Ireland,IRL,5.47990947598677
2005,YR2005,Isle of Man,IMN,..
2005,YR2005,Italy,ITA,3.21657286896964
2005,YR2005,Latvia,LVA,23.5045484155751
2005,YR2005,Liechtenstein,LIE,..
2005,YR2005,Lithuania,LTU,19.8429898608984
2005,YR2005,Luxembourg,LUX,5.54312885242069
2005,YR2005,Monaco,MCO,..
2005,YR2005,Netherlands,NLD,5.76017560510378
2005,YR2005,Norway,NOR,0.452732621752801
2005,YR2005,Poland,POL,9.97007388448019
2005,YR2005,Portugal,PRT,0.257734563444444
2005,YR2005,Romania,ROU,9.20332782006683
2005,YR2005,San Marino,SMR,..
2005,YR2005,Slovak Republic,SVK,12.6328900803151
2005,YR2005,Slovenia,SVN,11.3639093515002
2005,YR2005,Spain,ESP,1.89066543227676
2005,YR2005,Sweden,SWE,6.39895955230112
2005,YR2005,Switzerland,CHE,6.58501271335273
2005,YR2005,United Kingdom,GBR,8.0036097745247
2005,YR2005,United States,USA,7.12786957468523
2006,YR2006,Andorra,AND,..
2006,YR2006,Austria,AUT,7.5761727200353
2006,YR2006,Belgium,BEL,5.70062251232572
2006,YR2006,Bermuda,BMU,..
2006,YR2006,Canada,CAN,0.881307868404718
2006,YR2006,Channel Islands,CHI,..
2006,YR2006,Croatia,HRV,7.9482042454823
2006,YR2006,Cyprus,CYP,2.30290453900149
2006,YR2006,Czech Republic,CZE,14.2892108704751
2006,YR2006,Denmark,DNK,10.3376214608294
2006,YR2006,Estonia,EST,9.52944681646564
2006,YR2006,Faroe Islands,FRO,..
2006,YR2006,Finland,FIN,9.81379552640824
2006,YR2006,France,FRA,5.99773357712967
2006,YR2006,Germany,DEU,12.2908433287317
2006,YR2006,Gibraltar,GIB,..
2006,YR2006,Greece,GRC,5.21274373850392
2006,YR2006,Greenland,GRL,-6.22720166753517
2006,YR2006,Hungary,HUN,19.5184796925342
2006,YR2006,Iceland,ISL,-4.69778292241695
2006,YR2006,Ireland,IRL,6.05122109556598
2006,YR2006,Isle of Man,IMN,..
2006,YR2006,Italy,ITA,8.31032737216466
2006,YR2006,Latvia,LVA,7.54243060067692
2006,YR2006,Liechtenstein,LIE,..
2006,YR2006,Lithuania,LTU,12.8072564328028
2006,YR2006,Luxembourg,LUX,13.1297167399193
2006,YR2006,Monaco,MCO,..
2006,YR2006,Netherlands,NLD,7.17288596403012
2006,YR2006,Norway,NOR,-0.805967567109533
2006,YR2006,Poland,POL,15.3727610817872
2006,YR2006,Portugal,PRT,12.4462975556582
2006,YR2006,Romania,ROU,11.7713001298624
2006,YR2006,San Marino,SMR,..
2006,YR2006,Slovak Republic,SVK,22.8347128554828
2006,YR2006,Slovenia,SVN,14.1225347235526
2006,YR2006,Spain,ESP,4.72925921926262
2006,YR2006,Sweden,SWE,8.61398412339152
2006,YR2006,Switzerland,CHE,6.25949312045091
2006,YR2006,United Kingdom,GBR,12.3575183857979
2006,YR2006,United States,USA,9.34282465136376
2007,YR2007,Andorra,AND,..
2007,YR2007,Austria,AUT,7.57180863002102
2007,YR2007,Belgium,BEL,5.4360453826736
2007,YR2007,Bermuda,BMU,..
2007,YR2007,Canada,CAN,1.13763802668596
2007,YR2007,Channel Islands,CHI,..
2007,YR2007,Croatia,HRV,5.00456575326227
2007,YR2007,Cyprus,CYP,5.36315612457388
2007,YR2007,Czech Republic,CZE,11.0313563800241
2007,YR2007,Denmark,DNK,3.65355693854517
2007,YR2007,Estonia,EST,12.6154315049575
2007,YR2007,Faroe Islands,FRO,..
2007,YR2007,Finland,FIN,8.98741601791617
2007,YR2007,France,FRA,2.79118994265615
2007,YR2007,Germany,DEU,8.88648027831928
2007,YR2007,Gibraltar,GIB,..
2007,YR2007,Greece,GRC,10.6183520945024
2007,YR2007,Greenland,GRL,3.05177364082618
2007,YR2007,Hungary,HUN,16.1043831373121
2007,YR2007,Iceland,ISL,23.346860403364
2007,YR2007,Ireland,IRL,8.90145722753101
2007,YR2007,Isle of Man,IMN,..
2007,YR2007,Italy,ITA,6.19733243423694
2007,YR2007,Latvia,LVA,13.8596930624719
2007,YR2007,Liechtenstein,LIE,..
2007,YR2007,Lithuania,LTU,3.19320198277764
2007,YR2007,Luxembourg,LUX,8.10572557971882
2007,YR2007,Monaco,MCO,..
2007,YR2007,Netherlands,NLD,5.35491144077318
2007,YR2007,Norway,NOR,1.36065983682047
2007,YR2007,Poland,POL,10.0584223959164
2007,YR2007,Portugal,PRT,6.4436678041113
2007,YR2007,Romania,ROU,20.8992069111484
2007,YR2007,San Marino,SMR,..
2007,YR2007,Slovak Republic,SVK,14.4584493779852
2007,YR2007,Slovenia,SVN,13.8578035174633
2007,YR2007,Spain,ESP,7.59704310537937
2007,YR2007,Sweden,SWE,4.59540701457222
2007,YR2007,Switzerland,CHE,11.3644954954072
2007,YR2007,United Kingdom,GBR,-2.08068993150231
2007,YR2007,United States,USA,8.70182205405419
2008,YR2008,Andorra,AND,..
2008,YR2008,Austria,AUT,2.17066746248533
2008,YR2008,Belgium,BEL,1.80762409108385
2008,YR2008,Bermuda,BMU,..
2008,YR2008,Canada,CAN,-4.54392996090137
2008,YR2008,Channel Islands,CHI,..
2008,YR2008,Croatia,HRV,-2.11419346504599
2008,YR2008,Cyprus,CYP,-0.564721814461336
2008,YR2008,Czech Republic,CZE,4.21383932528659
2008,YR2008,Denmark,DNK,3.87201715104533
2008,YR2008,Estonia,EST,0.897881498992888
2008,YR2008,Faroe Islands,FRO,..
2008,YR2008,Finland,FIN,6.60118887448323
2008,YR2008,France,FRA,0.440686647517353
2008,YR2008,Germany,DEU,1.94078185439315
2008,YR2008,Gibraltar,GIB,..
2008,YR2008,Greece,GRC,3.47280269143995
2008,YR2008,Greenland,GRL,7.31811441153999
2008,YR2008,Hungary,HUN,6.69164182403182
2008,YR2008,Iceland,ISL,3.33576050175435
2008,YR2008,Ireland,IRL,-3.8034447296355
2008,YR2008,Isle of Man,IMN,..
2008,YR2008,Italy,ITA,-3.16913205308693
2008,YR2008,Latvia,LVA,2.31881880698319
2008,YR2008,Liechtenstein,LIE,..
2008,YR2008,Lithuania,LTU,11.6176214007704
2008,YR2008,Luxembourg,LUX,5.47191440861616
2008,YR2008,Monaco,MCO,..
2008,YR2008,Netherlands,NLD,1.61681594368355
2008,YR2008,Norway,NOR,0.132299286093044
2008,YR2008,Poland,POL,7.05117172284473
2008,YR2008,Portugal,PRT,-0.417025096406917
2008,YR2008,Romania,ROU,13.7506978915526
2008,YR2008,San Marino,SMR,..
2008,YR2008,Slovak Republic,SVK,3.01030507856535
2008,YR2008,Slovenia,SVN,4.18334244426384
2008,YR2008,Spain,ESP,-0.906456228705878
2008,YR2008,Sweden,SWE,1.85245998521933
2008,YR2008,Switzerland,CHE,3.86210997058822
2008,YR2008,United Kingdom,GBR,1.32202520153035
2008,YR2008,United States,USA,5.65816268058887
2009,YR2009,Andorra,AND,..
2009,YR2009,Austria,AUT,-14.368108063462
2009,YR2009,Belgium,BEL,-11.2752943738442
2009,YR2009,Bermuda,BMU,..
2009,YR2009,Canada,CAN,-12.9651816269986
2009,YR2009,Channel Islands,CHI,..
2009,YR2009,Croatia,HRV,-13.8217033928247
2009,YR2009,Cyprus,CYP,-4.65452812101469
2009,YR2009,Czech Republic,CZE,-9.82792784768168
2009,YR2009,Denmark,DNK,-9.22439001454745
2009,YR2009,Estonia,EST,-20.3085483012735
2009,YR2009,Faroe Islands,FRO,..
2009,YR2009,Finland,FIN,-20.1135907291607
2009,YR2009,France,FRA,-10.8980424089011
2009,YR2009,Germany,DEU,-14.2787411852765
2009,YR2009,Gibraltar,GIB,..
2009,YR2009,Greece,GRC,-18.5193346642985
2009,YR2009,Greenland,GRL,-8.27628080313212
2009,YR2009,Hungary,HUN,-10.7237988184515
2009,YR2009,Iceland,ISL,8.25920689178766
2009,YR2009,Ireland,IRL,4.64851821282706
2009,YR2009,Isle of Man,IMN,..
2009,YR2009,Italy,ITA,-17.8164125409252
2009,YR2009,Latvia,LVA,-12.8742676428921
2009,YR2009,Liechtenstein,LIE,..
2009,YR2009,Lithuania,LTU,-13.6758764672383
2009,YR2009,Luxembourg,LUX,-11.6415200219998
2009,YR2009,Monaco,MCO,..
2009,YR2009,Netherlands,NLD,-8.64174036783265
2009,YR2009,Norway,NOR,-4.10050579041918
2009,YR2009,Poland,POL,-5.93466837326912
2009,YR2009,Portugal,PRT,-10.0456949728553
2009,YR2009,Romania,ROU,-5.68382755978367
2009,YR2009,San Marino,SMR,..
2009,YR2009,Slovak Republic,SVK,-16.3669363749113
2009,YR2009,Slovenia,SVN,-16.560469248566
2009,YR2009,Spain,ESP,-10.8379131873116
2009,YR2009,Sweden,SWE,-14.4580244727636
2009,YR2009,Switzerland,CHE,-9.96963243982535
2009,YR2009,United Kingdom,GBR,-7.80238850344756
2009,YR2009,United States,USA,-8.39655290982438
2010,YR2010,Andorra,AND,..
2010,YR2010,Austria,AUT,13.131073253214
2010,YR2010,Belgium,BEL,10.4390845951064
2010,YR2010,Bermuda,BMU,..
2010,YR2010,Canada,CAN,6.67763322789672
2010,YR2010,Channel Islands,CHI,..
2010,YR2010,Croatia,HRV,7.78355435944115
2010,YR2010,Cyprus,CYP,6.13940980355297
2010,YR2010,Czech Republic,CZE,14.6616045193349
2010,YR2010,Denmark,DNK,2.94013456635707
2010,YR2010,Estonia,EST,24.2172263993545
2010,YR2010,Faroe Islands,FRO,..
2010,YR2010,Finland,FIN,6.18025134649911
2010,YR2010,France,FRA,8.69517339659956
2010,YR2010,Germany,DEU,14.4077452190245
2010,YR2010,Gibraltar,GIB,..
2010,YR2010,Greece,GRC,4.86119257239666
2010,YR2010,Greenland,GRL,9.43620178041542
2010,YR2010,Hungary,HUN,11.1182136614628
2010,YR2010,Iceland,ISL,0.985326021960049
2010,YR2010,Ireland,IRL,6.0099801356406
2010,YR2010,Isle of Man,IMN,..
2010,YR2010,Italy,ITA,11.7615639494964
2010,YR2010,Latvia,LVA,13.4439775493674
2010,YR2010,Liechtenstein,LIE,..
2010,YR2010,Lithuania,LTU,16.3817322864354
2010,YR2010,Luxembourg,LUX,10.3724751872016
2010,YR2010,Monaco,MCO,..
2010,YR2010,Netherlands,NLD,9.72760462261957
2010,YR2010,Norway,NOR,0.556215322251077
2010,YR2010,Poland,POL,12.8360573185816
2010,YR2010,Portugal,PRT,9.20900473398038
2010,YR2010,Romania,ROU,15.5242030326314
2010,YR2010,San Marino,SMR,..
2010,YR2010,Slovak Republic,SVK,17.3355695003707
2010,YR2010,Slovenia,SVN,10.160558822266
2010,YR2010,Spain,ESP,9.06326557327996
2010,YR2010,Sweden,SWE,10.6472144757195
2010,YR2010,Switzerland,CHE,12.8400949477789
2010,YR2010,United Kingdom,GBR,5.78831679165714
2010,YR2010,United States,USA,12.1382521389453
2011,YR2011,Andorra,AND,..
2011,YR2011,Austria,AUT,5.93536167711328
2011,YR2011,Belgium,BEL,4.63128074946135
2011,YR2011,Bermuda,BMU,..
2011,YR2011,Canada,CAN,4.82766271147503
2011,YR2011,Channel Islands,CHI,..
2011,YR2011,Croatia,HRV,2.30360516999288
2011,YR2011,Cyprus,CYP,6.95209258985044
2011,YR2011,Czech Republic,CZE,9.16351428932573
2011,YR2011,Denmark,DNK,7.19487594778387
2011,YR2011,Estonia,EST,24.1730177337622
2011,YR2011,Faroe Islands,FRO,..
2011,YR2011,Finland,FIN,2.02900119034737
2011,YR2011,France,FRA,6.36388972363639
2011,YR2011,Germany,DEU,8.34992511983359
2011,YR2011,Gibraltar,GIB,..
2011,YR2011,Greece,GRC,0.0271698419935973
2011,YR2011,Greenland,GRL,4.25287835808443
2011,YR2011,Hungary,HUN,6.40773643824689
2011,YR2011,Iceland,ISL,3.40729167927529
2011,YR2011,Ireland,IRL,3.19465943058761
2011,YR2011,Isle of Man,IMN,..
2011,YR2011,Italy,ITA,5.41987147647059
2011,YR2011,Latvia,LVA,12.603647116734
2011,YR2011,Liechtenstein,LIE,..
2011,YR2011,Lithuania,LTU,14.546867161826
2011,YR2011,Luxembourg,LUX,4.04525098541835
2011,YR2011,Monaco,MCO,..
2011,YR2011,Netherlands,NLD,5.15917488341621
2011,YR2011,Norway,NOR,-0.814433973843194
2011,YR2011,Poland,POL,7.67184873221373
2011,YR2011,Portugal,PRT,6.88292040379504
2011,YR2011,Romania,ROU,12.1162531855185
2011,YR2011,San Marino,SMR,..
2011,YR2011,Slovak Republic,SVK,10.6301365974065
2011,YR2011,Slovenia,SVN,6.86864929498958
2011,YR2011,Spain,ESP,8.17360946786148
2011,YR2011,Sweden,SWE,6.71979624532719
2011,YR2011,Switzerland,CHE,4.9093024634677
2011,YR2011,United Kingdom,GBR,7.25846040178683
2011,YR2011,United States,USA,7.13885210729887
2012,YR2012,Andorra,AND,..
2012,YR2012,Austria,AUT,1.43769461927685
2012,YR2012,Belgium,BEL,-0.486850564838733
2012,YR2012,Bermuda,BMU,..
2012,YR2012,Canada,CAN,2.8146891173887
2012,YR2012,Channel Islands,CHI,..
2012,YR2012,Croatia,HRV,-1.45689015430871
2012,YR2012,Cyprus,CYP,-0.534989654367919
2012,YR2012,Czech Republic,CZE,4.2794007868586
2012,YR2012,Denmark,DNK,1.16220570008316
2012,YR2012,Estonia,EST,4.82627459955107
2012,YR2012,Faroe Islands,FRO,..
2012,YR2012,Finland,FIN,0.233335101023499
2012,YR2012,France,FRA,2.84213554445077
2012,YR2012,Germany,DEU,2.90570872412763
2012,YR2012,Gibraltar,GIB,..
2012,YR2012,Greece,GRC,1.17331351849035
2012,YR2012,Greenland,GRL,-3.90532781145589
2012,YR2012,Hungary,HUN,-1.70377924353035
2012,YR2012,Iceland,ISL,3.59845312945777
2012,YR2012,Ireland,IRL,-0.871614256322161
2012,YR2012,Isle of Man,IMN,..
2012,YR2012,Italy,ITA,2.03230950398255
2012,YR2012,Latvia,LVA,9.49795003702849
2012,YR2012,Liechtenstein,LIE,..
2012,YR2012,Lithuania,LTU,10.8475296288274
2012,YR2012,Luxembourg,LUX,2.75171614762624
2012,YR2012,Monaco,MCO,..
2012,YR2012,Netherlands,NLD,3.2587909057892
2012,YR2012,Norway,NOR,1.71979023728926
2012,YR2012,Poland,POL,4.25798841636569
2012,YR2012,Portugal,PRT,3.08056319733862
2012,YR2012,Romania,ROU,1.10517972601289
2012,YR2012,San Marino,SMR,..
2012,YR2012,Slovak Republic,SVK,9.14401227790096
2012,YR2012,Slovenia,SVN,0.495940889186784
2012,YR2012,Spain,ESP,0.935228306666119
2012,YR2012,Sweden,SWE,1.12079553624199
2012,YR2012,Switzerland,CHE,1.09380046181636
2012,YR2012,United Kingdom,GBR,0.558530971239605
2012,YR2012,United States,USA,3.40865170073484
2013,YR2013,Andorra,AND,..
2013,YR2013,Austria,AUT,0.640652895563093
2013,YR2013,Belgium,BEL,0.352655299876886
2013,YR2013,Bermuda,BMU,..
2013,YR2013,Canada,CAN,2.46077333748107
2013,YR2013,Channel Islands,CHI,..
2013,YR2013,Croatia,HRV,2.48094721871756
2013,YR2013,Cyprus,CYP,1.16030003360707
2013,YR2013,Czech Republic,CZE,0.259700542601379
2013,YR2013,Denmark,DNK,1.61140012665273
2013,YR2013,Estonia,EST,2.80002037466618
2013,YR2013,Faroe Islands,FRO,..
2013,YR2013,Finland,FIN,0.572721020051858
2013,YR2013,France,FRA,2.14071169213793
2013,YR2013,Germany,DEU,1.00446396814904
2013,YR2013,Gibraltar,GIB,..
2013,YR2013,Greece,GRC,1.51099351659212
2013,YR2013,Greenland,GRL,2.36722116966126
2013,YR2013,Hungary,HUN,4.10299086992816
2013,YR2013,Iceland,ISL,6.71194218841893
2013,YR2013,Ireland,IRL,2.92368065873296
2013,YR2013,Isle of Man,IMN,..
2013,YR2013,Italy,ITA,0.3741871560226
2013,YR2013,Latvia,LVA,0.659315961549183
2013,YR2013,Liechtenstein,LIE,..
2013,YR2013,Lithuania,LTU,7.26975492996098
2013,YR2013,Luxembourg,LUX,5.26358833219223
2013,YR2013,Monaco,MCO,..
2013,YR2013,Netherlands,NLD,2.47837730868665
2013,YR2013,Norway,NOR,-1.77515006186306
2013,YR2013,Poland,POL,5.54468304275007
2013,YR2013,Portugal,PRT,7.20230701357364
2013,YR2013,Romania,ROU,20.5781166156888
2013,YR2013,San Marino,SMR,..
2013,YR2013,Slovak Republic,SVK,6.01030781332301
2013,YR2013,Slovenia,SVN,3.06211046144271
2013,YR2013,Spain,ESP,4.37840197750494
2013,YR2013,Sweden,SWE,-1.10275084507141
2013,YR2013,Switzerland,CHE,15.1980954945637
2013,YR2013,United Kingdom,GBR,1.17558034640072
2013,YR2013,United States,USA,3.57512506383453
2014,YR2014,Andorra,AND,..
2014,YR2014,Austria,AUT,2.8876015141816
2014,YR2014,Belgium,BEL,5.19676368804407
2014,YR2014,Bermuda,BMU,..
2014,YR2014,Canada,CAN,6.32276594130548
2014,YR2014,Channel Islands,CHI,..
2014,YR2014,Croatia,HRV,7.39468888659702
2014,YR2014,Cyprus,CYP,6.24386775630272
2014,YR2014,Czech Republic,CZE,8.71441692748365
2014,YR2014,Denmark,DNK,3.12885309041555
2014,YR2014,Estonia,EST,2.64047013972706
2014,YR2014,Faroe Islands,FRO,..
2014,YR2014,Finland,FIN,-1.9516814182569
2014,YR2014,France,FRA,3.27242102821008
2014,YR2014,Germany,DEU,4.7955800793692
2014,YR2014,Gibraltar,GIB,..
2014,YR2014,Greece,GRC,7.74901819597741
2014,YR2014,Greenland,GRL,11.8247640741946
2014,YR2014,Hungary,HUN,9.19778327897265
2014,YR2014,Iceland,ISL,3.1645367517562
2014,YR2014,Ireland,IRL,14.5666939650779
2014,YR2014,Isle of Man,IMN,..
2014,YR2014,Italy,ITA,2.61522287810469
2014,YR2014,Latvia,LVA,6.23601142809942
2014,YR2014,Liechtenstein,LIE,..
2014,YR2014,Lithuania,LTU,-1.82267830143928
2014,YR2014,Luxembourg,LUX,16.3840762757525
2014,YR2014,Monaco,MCO,..
2014,YR2014,Netherlands,NLD,4.54641094352468
2014,YR2014,Norway,NOR,3.40593205566921
2014,YR2014,Poland,POL,6.70842754960267
2014,YR2014,Portugal,PRT,4.30353000539894
2014,YR2014,Romania,ROU,8.53592987935446
2014,YR2014,San Marino,SMR,..
2014,YR2014,Slovak Republic,SVK,3.69543422696516
2014,YR2014,Slovenia,SVN,6.0106344515987
2014,YR2014,Spain,ESP,4.52634651436412
2014,YR2014,Sweden,SWE,4.36597466243624
2014,YR2014,Switzerland,CHE,-6.1562351999885
2014,YR2014,United Kingdom,GBR,1.04346999726501
2014,YR2014,United States,USA,4.21449218710599
2015,YR2015,Andorra,AND,..
2015,YR2015,Austria,AUT,3.04914318963607
2015,YR2015,Belgium,BEL,3.72167466882331
2015,YR2015,Bermuda,BMU,..
2015,YR2015,Canada,CAN,3.41900045840708
2015,YR2015,Channel Islands,CHI,..
2015,YR2015,Croatia,HRV,10.3420707147264
2015,YR2015,Cyprus,CYP,9.92260692172894
2015,YR2015,Czech Republic,CZE,6.03233430900454
2015,YR2015,Denmark,DNK,3.57737053428733
2015,YR2015,Estonia,EST,-1.50256693861974
2015,YR2015,Faroe Islands,FRO,..
2015,YR2015,Finland,FIN,0.391667672662408
2015,YR2015,France,FRA,4.64591920404835
2015,YR2015,Germany,DEU,5.44074233414548
2015,YR2015,Gibraltar,GIB,..
2015,YR2015,Greece,GRC,3.09116782466681
2015,YR2015,Greenland,GRL,-9.91597250009092
2015,YR2015,Hungary,HUN,7.36537952304552
2015,YR2015,Iceland,ISL,9.11393079726901
2015,YR2015,Ireland,IRL,39.2582519695049
2015,YR2015,Isle of Man,IMN,..
2015,YR2015,Italy,ITA,4.27402570808741
2015,YR2015,Latvia,LVA,2.96595632369608
2015,YR2015,Liechtenstein,LIE,..
2015,YR2015,Lithuania,LTU,2.42069495771224
2015,YR2015,Luxembourg,LUX,4.70066172778915
2015,YR2015,Monaco,MCO,..
2015,YR2015,Netherlands,NLD,7.39380068662756
2015,YR2015,Norway,NOR,4.3422482666229
2015,YR2015,Poland,POL,8.03294116034311
2015,YR2015,Portugal,PRT,6.26153457493956
2015,YR2015,Romania,ROU,4.58319179913696
2015,YR2015,San Marino,SMR,..
2015,YR2015,Slovak Republic,SVK,6.64424074422875
2015,YR2015,Slovenia,SVN,4.74126485469417
2015,YR2015,Spain,ESP,4.31623402607646
2015,YR2015,Sweden,SWE,5.80006093800267
2015,YR2015,Switzerland,CHE,2.64295570573154
2015,YR2015,United Kingdom,GBR,3.77439655402492
2015,YR2015,United States,USA,0.421515644714646
2016,YR2016,Andorra,AND,..
2016,YR2016,Austria,AUT,2.98810577049866
2016,YR2016,Belgium,BEL,6.20185882423337
2016,YR2016,Bermuda,BMU,..
2016,YR2016,Canada,CAN,1.40666435314809
2016,YR2016,Channel Islands,CHI,..
2016,YR2016,Croatia,HRV,7.03440114771713
2016,YR2016,Cyprus,CYP,7.17120374218818
2016,YR2016,Czech Republic,CZE,4.34255429467643
2016,YR2016,Denmark,DNK,4.11147723214667
2016,YR2016,Estonia,EST,4.82252814503357
2016,YR2016,Faroe Islands,FRO,..
2016,YR2016,Finland,FIN,3.89337965127932
2016,YR2016,France,FRA,1.7758626021845
2016,YR2016,Germany,DEU,2.47000012676895
2016,YR2016,Gibraltar,GIB,..
2016,YR2016,Greece,GRC,-1.8191852007719
2016,YR2016,Greenland,GRL,15.1665657177468
2016,YR2016,Hungary,HUN,3.8041832046402
2016,YR2016,Iceland,ISL,10.9346980513492
2016,YR2016,Ireland,IRL,4.12716296307943
2016,YR2016,Isle of Man,IMN,..
2016,YR2016,Italy,ITA,1.86550248523598
2016,YR2016,Latvia,LVA,3.95696728757906
2016,YR2016,Liechtenstein,LIE,..
2016,YR2016,Lithuania,LTU,4.927170943595
2016,YR2016,Luxembourg,LUX,2.61682802109861
2016,YR2016,Monaco,MCO,..
2016,YR2016,Netherlands,NLD,1.66826509196936
2016,YR2016,Norway,NOR,1.06574563931984
2016,YR2016,Poland,POL,9.26612403236517
2016,YR2016,Portugal,PRT,4.43065032922615
2016,YR2016,Romania,ROU,16.3395923098795
2016,YR2016,San Marino,SMR,2.00350239164683
2016,YR2016,Slovak Republic,SVK,5.03061339980471
2016,YR2016,Slovenia,SVN,6.16336682302394
2016,YR2016,Spain,ESP,5.37123712592036
2016,YR2016,Sweden,SWE,2.39978119452773
2016,YR2016,Switzerland,CHE,6.28655581660877
2016,YR2016,United Kingdom,GBR,2.73557708815599
2016,YR2016,United States,USA,0.295295962419601
2017,YR2017,Andorra,AND,..
2017,YR2017,Austria,AUT,4.89844267649518
2017,YR2017,Belgium,BEL,5.47099512057135
2017,YR2017,Bermuda,BMU,..
2017,YR2017,Canada,CAN,1.4142571531733
2017,YR2017,Channel Islands,CHI,..
2017,YR2017,Croatia,HRV,6.84837839304717
2017,YR2017,Cyprus,CYP,9.85522921976934
2017,YR2017,Czech Republic,CZE,7.1982001863189
2017,YR2017,Denmark,DNK,4.81361833886207
2017,YR2017,Estonia,EST,4.13607783622136
2017,YR2017,Faroe Islands,FRO,..
2017,YR2017,Finland,FIN,8.57135508429892
2017,YR2017,France,FRA,4.38589250207069
2017,YR2017,Germany,DEU,4.74285145047723
2017,YR2017,Gibraltar,GIB,..
2017,YR2017,Greece,GRC,6.76026823653946
2017,YR2017,Greenland,GRL,-5.42933277234319
2017,YR2017,Hungary,HUN,6.47544615208338
2017,YR2017,Iceland,ISL,5.4383856458893
2017,YR2017,Ireland,IRL,9.24706402608678
2017,YR2017,Isle of Man,IMN,..
2017,YR2017,Italy,ITA,5.43644097816423
2017,YR2017,Latvia,LVA,6.3657170903147
2017,YR2017,Liechtenstein,LIE,..
2017,YR2017,Lithuania,LTU,13.5211352370656
2017,YR2017,Luxembourg,LUX,0.724161362841684
2017,YR2017,Monaco,MCO,..
2017,YR2017,Netherlands,NLD,6.49973287023944
2017,YR2017,Norway,NOR,1.69946122031412
2017,YR2017,Poland,POL,9.62739778842558
2017,YR2017,Portugal,PRT,8.40562510798671
2017,YR2017,Romania,ROU,7.76522619867319
2017,YR2017,San Marino,SMR,-1.14395148236447
2017,YR2017,Slovak Republic,SVK,3.60562712305901
2017,YR2017,Slovenia,SVN,11.1141712147911
2017,YR2017,Spain,ESP,5.51125009494027
2017,YR2017,Sweden,SWE,4.13162544817321
2017,YR2017,Switzerland,CHE,-0.194172690063567
2017,YR2017,United Kingdom,GBR,6.10115621590855
2017,YR2017,United States,USA,3.91531902838584
2018,YR2018,Andorra,AND,..
2018,YR2018,Austria,AUT,5.54870800610236
2018,YR2018,Belgium,BEL,0.588664531709071
2018,YR2018,Bermuda,BMU,..
2018,YR2018,Canada,CAN,3.07867564523541
2018,YR2018,Channel Islands,CHI,..
2018,YR2018,Croatia,HRV,3.73163676686985
2018,YR2018,Cyprus,CYP,8.00077378887632
2018,YR2018,Czech Republic,CZE,3.70690104013585
2018,YR2018,Denmark,DNK,3.24678404154514
2018,YR2018,Estonia,EST,4.00794972627874
2018,YR2018,Faroe Islands,FRO,..
2018,YR2018,Finland,FIN,1.66777219747939
2018,YR2018,France,FRA,4.44236342971726
2018,YR2018,Germany,DEU,2.28267978287531
2018,YR2018,Gibraltar,GIB,..
2018,YR2018,Greece,GRC,8.69295146974329
2018,YR2018,Greenland,GRL,4.17647604041153
2018,YR2018,Hungary,HUN,5.03786575181306
2018,YR2018,Iceland,ISL,1.66319357506883
2018,YR2018,Ireland,IRL,10.4009233903949
2018,YR2018,Isle of Man,IMN,..
2018,YR2018,Italy,ITA,2.17946424768962
2018,YR2018,Latvia,LVA,4.31690250237786
2018,YR2018,Liechtenstein,LIE,..
2018,YR2018,Lithuania,LTU,6.78192198259417
2018,YR2018,Luxembourg,LUX,0.466918124980566
2018,YR2018,Monaco,MCO,..
2018,YR2018,Netherlands,NLD,4.3304150519037
2018,YR2018,Norway,NOR,-0.236182301300786
2018,YR2018,Poland,POL,6.94919884691667
2018,YR2018,Portugal,PRT,4.13341928891083
2018,YR2018,Romania,ROU,5.32007084530697
2018,YR2018,San Marino,SMR,0.821256932624692
2018,YR2018,Slovak Republic,SVK,5.18474282326964
2018,YR2018,Slovenia,SVN,6.26152235310342
2018,YR2018,Spain,ESP,2.25883801400977
2018,YR2018,Sweden,SWE,4.24697783240826
2018,YR2018,Switzerland,CHE,2.89762289421948
2018,YR2018,United Kingdom,GBR,1.22682575170161
2018,YR2018,United States,USA,2.98954042942977
2019,YR2019,Andorra,AND,..
2019,YR2019,Austria,AUT,2.94248767759662
2019,YR2019,Belgium,BEL,1.02204003955117
2019,YR2019,Bermuda,BMU,..
2019,YR2019,Canada,CAN,1.28105984645953
2019,YR2019,Channel Islands,CHI,..
2019,YR2019,Croatia,HRV,6.80094836636025
2019,YR2019,Cyprus,CYP,-0.408531551767169
2019,YR2019,Czech Republic,CZE,1.30284259510753
2019,YR2019,Denmark,DNK,5.03577493301535
2019,YR2019,Estonia,EST,6.23109739359393
2019,YR2019,Faroe Islands,FRO,..
2019,YR2019,Finland,FIN,7.67662410289869
2019,YR2019,France,FRA,1.90240829659886
2019,YR2019,Germany,DEU,0.956458176865425
2019,YR2019,Gibraltar,GIB,..
2019,YR2019,Greece,GRC,4.8008496544077
2019,YR2019,Greenland,GRL,..
2019,YR2019,Hungary,HUN,5.78571898405997
2019,YR2019,Iceland,ISL,-5.04514403983826
2019,YR2019,Ireland,IRL,11.0561285560762
2019,YR2019,Isle of Man,IMN,..
2019,YR2019,Italy,ITA,0.996022689066763
2019,YR2019,Latvia,LVA,2.11215341824038
2019,YR2019,Liechtenstein,LIE,..
2019,YR2019,Lithuania,LTU,9.47815074622088
2019,YR2019,Luxembourg,LUX,0.836042762142796
2019,YR2019,Monaco,MCO,..
2019,YR2019,Netherlands,NLD,2.70551502901542
2019,YR2019,Norway,NOR,1.4519589006905
2019,YR2019,Poland,POL,5.14543698150105
2019,YR2019,Portugal,PRT,3.54625331285622
2019,YR2019,Romania,ROU,3.96266293864753
2019,YR2019,San Marino,SMR,..
2019,YR2019,Slovak Republic,SVK,0.770481595099625
2019,YR2019,Slovenia,SVN,4.08202313702259
2019,YR2019,Spain,ESP,2.28346303785301
2019,YR2019,Sweden,SWE,3.25856796112991
2019,YR2019,Switzerland,CHE,0.525023296947921
2019,YR2019,United Kingdom,GBR,5.01747302523752
2019,YR2019,United States,USA,-0.116766268691137
2020,YR2020,Andorra,AND,..
2020,YR2020,Austria,AUT,..
2020,YR2020,Belgium,BEL,..
2020,YR2020,Bermuda,BMU,..
2020,YR2020,Canada,CAN,..
2020,YR2020,Channel Islands,CHI,..
2020,YR2020,Croatia,HRV,..
2020,YR2020,Cyprus,CYP,..
2020,YR2020,Czech Republic,CZE,..
2020,YR2020,Denmark,DNK,..
2020,YR2020,Estonia,EST,..
2020,YR2020,Faroe Islands,FRO,..
2020,YR2020,Finland,FIN,..
2020,YR2020,France,FRA,..
2020,YR2020,Germany,DEU,..
2020,YR2020,Gibraltar,GIB,..
2020,YR2020,Greece,GRC,..
2020,YR2020,Greenland,GRL,..
2020,YR2020,Hungary,HUN,..
2020,YR2020,Iceland,ISL,..
2020,YR2020,Ireland,IRL,..
2020,YR2020,Isle of Man,IMN,..
2020,YR2020,Italy,ITA,..
2020,YR2020,Latvia,LVA,..
2020,YR2020,Liechtenstein,LIE,..
2020,YR2020,Lithuania,LTU,..
2020,YR2020,Luxembourg,LUX,..
2020,YR2020,Monaco,MCO,..
2020,YR2020,Netherlands,NLD,..
2020,YR2020,Norway,NOR,..
2020,YR2020,Poland,POL,..
2020,YR2020,Portugal,PRT,..
2020,YR2020,Romania,ROU,..
2020,YR2020,San Marino,SMR,..
2020,YR2020,Slovak Republic,SVK,..
2020,YR2020,Slovenia,SVN,..
2020,YR2020,Spain,ESP,..
2020,YR2020,Sweden,SWE,..
2020,YR2020,Switzerland,CHE,..
2020,YR2020,United Kingdom,GBR,..
2020,YR2020,United States,USA,..
,,,,
,,,,
,,,,
Data from database: World Development Indicators,,,,
Last Updated: 04/26/2021,,,,
